SurfaceData,TimeCnt,PUP,PUP_RSS,Status_RSR,PumpTime,RTClk,PackageType,RawData_RSR,AccNotDet,MagNotDet,ResNotDet,MotorCalibrated,TransmissionDecoupled,MotorOCLockout,FormationLock,TRPM,TRPMDelta,CRPM,IvtRatioBD,IvtRatioSD,DrillMode,TFSensorSetting,TFTargetSetting,BendTimeSetting%,BendTime%,TFControlEnabled,TFTarget,TFMeasured,TFGrav_RSS,TFDeviation,EROP,IncAziSource,IncSrcStatus,IncTarget,Inc_RSS,IncDelta,AziTarget,Azi_RSS,AziDelta,AziNudge,DL_Received,DL_Ignored,SSModeActive,SSAmp,SSFreq,Temp_RSS,VAlt,VibRMSAxl,VibRMSLat,CRPMGyro_DDD
1,31,1,1,2MWD,0,5/2/2020 11:22,GV0.3,3235,,,,,,,,,,,,,1,,,,,,,,,,90,,,,,,,,,,3,,,,,,,,,
1,31,1,1,2MWD,0,5/2/2020 11:22,GV1.3,3254,,,,,,,,,,,,,,0,257,,,,,,,,,,,,,,,,,,,,,,,,,,,
1,31,1,1,2MWD,0,5/2/2020 11:22,GV2.3,3456,,,,,,,,,,,,,,,,60,,,,,,,,,,,,,,,,,,,,,,60,,,,
0,33,1,1,RTClk,0.000555556,5/2/2020 11:22,,5/2/2020 11:22,,,,,,,,,,,,,,,,,,,,,,,,,,,,,,,,,,,,,,,,,,
1,62,1,1,2MWD,0.008611111,5/2/2020 11:22,GV0.1,1029,0,0,0,1,0,0,0,,,,,,,,,,,1,,,,,,,0,,,,,,,,,,0,,,,,,,
1,62,1,1,2MWD,0.008611111,5/2/2020 11:22,GV1.2,2274,,,,,,,,,,,,,,,,,,,,,,,,,,,,,,,,,,,,,,,,1.75,2,
1,62,1,1,2MWD,0.008611111,5/2/2020 11:22,GV2.1,1054,,,,,,,,,,,,,,,,,,,,,,,,0,,,,,,,,,,0,,,,,,,,120
1,94,1,1,2MWD,0.0175,5/2/2020 11:23,GV0.3,3235,,,,,,,,,,,,,1,,,,,,,,,,90,,,,,,,,,,3,,,,,,,,,
1,94,1,1,2MWD,0.0175,5/2/2020 11:23,GV1.3,3254,,,,,,,,,,,,,,0,257,,,,,,,,,,,,,,,,,,,,,,,,,,,
1,94,1,1,2MWD,0.0175,5/2/2020 11:23,GV2.3,3456,,,,,,,,,,,,,,,,60,,,,,,,,,,,,,,,,,,,,,,60,,,,
1,124,1,1,2MWD,0.025833333,5/2/2020 11:23,GV0.1,1029,0,0,0,1,0,0,0,,,,,,,,,,,1,,,,,,,0,,,,,,,,,,0,,,,,,,
1,124,1,1,2MWD,0.025833333,5/2/2020 11:23,GV1.2,2274,,,,,,,,,,,,,,,,,,,,,,,,,,,,,,,,,,,,,,,,1.75,2,
1,124,1,1,2MWD,0.025833333,5/2/2020 11:23,GV2.1,1054,,,,,,,,,,,,,,,,,,,,,,,,0,,,,,,,,,,0,,,,,,,,120
1,156,1,1,2MWD,0.034722222,5/2/2020 11:24,GV0.3,3235,,,,,,,,,,,,,1,,,,,,,,,,90,,,,,,,,,,3,,,,,,,,,
1,156,1,1,2MWD,0.034722222,5/2/2020 11:24,GV1.3,3254,,,,,,,,,,,,,,0,257,,,,,,,,,,,,,,,,,,,,,,,,,,,
1,156,1,1,2MWD,0.034722222,5/2/2020 11:24,GV2.3,3456,,,,,,,,,,,,,,,,60,,,,,,,,,,,,,,,,,,,,,,60,,,,
1,186,1,1,2MWD,0.043055556,5/2/2020 11:24,GV0.1,1029,0,0,0,1,0,0,0,,,,,,,,,,,1,,,,,,,0,,,,,,,,,,0,,,,,,,
1,186,1,1,2MWD,0.043055556,5/2/2020 11:24,GV1.2,2274,,,,,,,,,,,,,,,,,,,,,,,,,,,,,,,,,,,,,,,,1.75,2,
1,186,1,1,2MWD,0.043055556,5/2/2020 11:24,GV2.1,1054,,,,,,,,,,,,,,,,,,,,,,,,0,,,,,,,,,,0,,,,,,,,120
1,217,1,1,2MWD,0.051666667,5/2/2020 11:25,GV0.3,3235,,,,,,,,,,,,,1,,,,,,,,,,90,,,,,,,,,,3,,,,,,,,,
1,217,1,1,2MWD,0.051666667,5/2/2020 11:25,GV1.3,3254,,,,,,,,,,,,,,0,257,,,,,,,,,,,,,,,,,,,,,,,,,,,
1,217,1,1,2MWD,0.051666667,5/2/2020 11:25,GV2.3,3456,,,,,,,,,,,,,,,,60,,,,,,,,,,,,,,,,,,,,,,60,,,,
1,248,1,1,2MWD,0.060277778,5/2/2020 11:25,GV0.1,1029,0,0,0,1,0,0,0,,,,,,,,,,,1,,,,,,,0,,,,,,,,,,0,,,,,,,
1,248,1,1,2MWD,0.060277778,5/2/2020 11:25,GV1.2,2274,,,,,,,,,,,,,,,,,,,,,,,,,,,,,,,,,,,,,,,,1.75,2,
1,248,1,1,2MWD,0.060277778,5/2/2020 11:25,GV2.1,1054,,,,,,,,,,,,,,,,,,,,,,,,0,,,,,,,,,,0,,,,,,,,120
1,279,1,1,2MWD,0.068888889,5/2/2020 11:26,GV0.3,3235,,,,,,,,,,,,,1,,,,,,,,,,90,,,,,,,,,,3,,,,,,,,,
1,279,1,1,2MWD,0.068888889,5/2/2020 11:26,GV1.3,3254,,,,,,,,,,,,,,0,257,,,,,,,,,,,,,,,,,,,,,,,,,,,
1,279,1,1,2MWD,0.068888889,5/2/2020 11:26,GV2.3,3456,,,,,,,,,,,,,,,,60,,,,,,,,,,,,,,,,,,,,,,60,,,,
1,310,1,1,2MWD,0.0775,5/2/2020 11:26,GV0.3,3235,,,,,,,,,,,,,1,,,,,,,,,,90,,,,,,,,,,3,,,,,,,,,
1,310,1,1,2MWD,0.0775,5/2/2020 11:26,GV1.3,3254,,,,,,,,,,,,,,0,257,,,,,,,,,,,,,,,,,,,,,,,,,,,
1,310,1,1,2MWD,0.0775,5/2/2020 11:26,GV2.3,3456,,,,,,,,,,,,,,,,60,,,,,,,,,,,,,,,,,,,,,,60,,,,
1,341,1,1,2MWD,0.086111111,5/2/2020 11:27,GV0.3,3235,,,,,,,,,,,,,1,,,,,,,,,,90,,,,,,,,,,3,,,,,,,,,
1,341,1,1,2MWD,0.086111111,5/2/2020 11:27,GV1.3,3254,,,,,,,,,,,,,,0,257,,,,,,,,,,,,,,,,,,,,,,,,,,,
1,341,1,1,2MWD,0.086111111,5/2/2020 11:27,GV2.3,3456,,,,,,,,,,,,,,,,60,,,,,,,,,,,,,,,,,,,,,,60,,,,
1,372,1,1,2MWD,0.094722222,5/2/2020 11:27,GV0.3,3235,,,,,,,,,,,,,1,,,,,,,,,,90,,,,,,,,,,3,,,,,,,,,
1,372,1,1,2MWD,0.094722222,5/2/2020 11:27,GV1.3,3254,,,,,,,,,,,,,,0,257,,,,,,,,,,,,,,,,,,,,,,,,,,,
1,372,1,1,2MWD,0.094722222,5/2/2020 11:27,GV2.3,3456,,,,,,,,,,,,,,,,60,,,,,,,,,,,,,,,,,,,,,,60,,,,
1,403,1,1,2MWD,0.103333333,5/2/2020 11:28,GV0.3,3235,,,,,,,,,,,,,1,,,,,,,,,,90,,,,,,,,,,3,,,,,,,,,
1,403,1,1,2MWD,0.103333333,5/2/2020 11:28,GV1.3,3254,,,,,,,,,,,,,,0,257,,,,,,,,,,,,,,,,,,,,,,,,,,,
1,403,1,1,2MWD,0.103333333,5/2/2020 11:28,GV2.3,3456,,,,,,,,,,,,,,,,60,,,,,,,,,,,,,,,,,,,,,,60,,,,
1,434,1,1,2MWD,0.111944444,5/2/2020 11:28,GV0.3,3235,,,,,,,,,,,,,1,,,,,,,,,,90,,,,,,,,,,3,,,,,,,,,
1,434,1,1,2MWD,0.111944444,5/2/2020 11:28,GV1.3,3254,,,,,,,,,,,,,,0,257,,,,,,,,,,,,,,,,,,,,,,,,,,,
1,434,1,1,2MWD,0.111944444,5/2/2020 11:28,GV2.3,3456,,,,,,,,,,,,,,,,60,,,,,,,,,,,,,,,,,,,,,,60,,,,
1,465,1,1,2MWD,0.120555556,5/2/2020 11:29,GV0.3,3235,,,,,,,,,,,,,1,,,,,,,,,,90,,,,,,,,,,3,,,,,,,,,
1,465,1,1,2MWD,0.120555556,5/2/2020 11:29,GV1.3,3254,,,,,,,,,,,,,,0,257,,,,,,,,,,,,,,,,,,,,,,,,,,,
1,465,1,1,2MWD,0.120555556,5/2/2020 11:29,GV2.3,3456,,,,,,,,,,,,,,,,60,,,,,,,,,,,,,,,,,,,,,,60,,,,
1,496,1,1,2MWD,0.129166667,5/2/2020 11:29,GV0.3,3235,,,,,,,,,,,,,1,,,,,,,,,,90,,,,,,,,,,3,,,,,,,,,
1,496,1,1,2MWD,0.129166667,5/2/2020 11:29,GV1.3,3254,,,,,,,,,,,,,,0,257,,,,,,,,,,,,,,,,,,,,,,,,,,,
1,496,1,1,2MWD,0.129166667,5/2/2020 11:29,GV2.3,3481,,,,,,,,,,,,,,,,60,,,,,,,,,,,,,,,,,,,,,,110,,,,
1,527,1,1,2MWD,0.137777778,5/2/2020 11:30,GV0.3,3235,,,,,,,,,,,,,1,,,,,,,,,,90,,,,,,,,,,3,,,,,,,,,
1,527,1,1,2MWD,0.137777778,5/2/2020 11:30,GV1.3,3254,,,,,,,,,,,,,,0,257,,,,,,,,,,,,,,,,,,,,,,,,,,,
1,527,1,1,2MWD,0.137777778,5/2/2020 11:30,GV2.3,3481,,,,,,,,,,,,,,,,60,,,,,,,,,,,,,,,,,,,,,,110,,,,
1,558,1,1,2MWD,0.146388889,5/2/2020 11:30,GV0.3,3235,,,,,,,,,,,,,1,,,,,,,,,,90,,,,,,,,,,3,,,,,,,,,
1,558,1,1,2MWD,0.146388889,5/2/2020 11:30,GV1.3,3254,,,,,,,,,,,,,,0,257,,,,,,,,,,,,,,,,,,,,,,,,,,,
1,558,1,1,2MWD,0.146388889,5/2/2020 11:30,GV2.3,3481,,,,,,,,,,,,,,,,60,,,,,,,,,,,,,,,,,,,,,,110,,,,
1,589,1,1,2MWD,0.155,5/2/2020 11:31,GV0.3,3235,,,,,,,,,,,,,1,,,,,,,,,,90,,,,,,,,,,3,,,,,,,,,
1,589,1,1,2MWD,0.155,5/2/2020 11:31,GV1.3,3254,,,,,,,,,,,,,,0,257,,,,,,,,,,,,,,,,,,,,,,,,,,,
1,589,1,1,2MWD,0.155,5/2/2020 11:31,GV2.3,3481,,,,,,,,,,,,,,,,60,,,,,,,,,,,,,,,,,,,,,,110,,,,
1,621,1,1,2MWD,0.163888889,5/2/2020 11:32,GV0.0,1016,,,,,,,,,,,,,,,,,,,,,,,,,,,,,,,,,,,,,,,,,,
1,621,1,1,2MWD,0.163888889,5/2/2020 11:32,GV1.0,276,,,,,,,,,0,,,,,,,,,,,,,,,,,,,,,,,,,,,80,0.6665,,,,,
1,621,1,1,2MWD,0.163888889,5/2/2020 11:32,GV2.0,222,,,,,,,,,,,,,,,,,,,,,,,,,,,39.1,,,,,,,,,,,,,,,
1,651,1,1,2MWD,0.172222222,5/2/2020 11:32,GV0.2,2386,,,,,,,,,,,,,,,,,32,,208,,,,,,,,,,,,,,,,,,,,,,,
1,651,1,1,2MWD,0.172222222,5/2/2020 11:32,GV1.1,1452,,,,,,,,2938,,148,32.16,40.34,,,,,,,,,,,,,,,,,,,,,,,,,,,,,,
1,651,1,1,2MWD,0.172222222,5/2/2020 11:32,GV2.2,2122,,,,,,,,,,,,,,,,,,,,,,,,,,,,,,26,,,,,,,,,,,,
1,682,1,1,2MWD,0.180833333,5/2/2020 11:33,GV0.0,1016,,,,,,,,,,,,,,,,,,,,,,,,,,,,,,,,,,,,,,,,,,
1,682,1,1,2MWD,0.180833333,5/2/2020 11:33,GV1.0,276,,,,,,,,,0,,,,,,,,,,,,,,,,,,,,,,,,,,,80,0.6665,,,,,
1,682,1,1,2MWD,0.180833333,5/2/2020 11:33,GV2.0,222,,,,,,,,,,,,,,,,,,,,,,,,,,,39.1,,,,,,,,,,,,,,,
1,713,1,1,2MWD,0.189444444,5/2/2020 11:33,GV0.2,2386,,,,,,,,,,,,,,,,,32,,208,,,,,,,,,,,,,,,,,,,,,,,
1,713,1,1,2MWD,0.189444444,5/2/2020 11:33,GV1.1,1452,,,,,,,,2938,,148,32.16,40.34,,,,,,,,,,,,,,,,,,,,,,,,,,,,,,
1,713,1,1,2MWD,0.189444444,5/2/2020 11:33,GV2.2,2122,,,,,,,,,,,,,,,,,,,,,,,,,,,,,,26,,,,,,,,,,,,
1,744,1,1,2MWD,0.198055556,5/2/2020 11:34,GV0.0,1016,,,,,,,,,,,,,,,,,,,,,,,,,,,,,,,,,,,,,,,,,,
1,744,1,1,2MWD,0.198055556,5/2/2020 11:34,GV1.0,276,,,,,,,,,0,,,,,,,,,,,,,,,,,,,,,,,,,,,80,0.6665,,,,,
1,744,1,1,2MWD,0.198055556,5/2/2020 11:34,GV2.0,222,,,,,,,,,,,,,,,,,,,,,,,,,,,39.1,,,,,,,,,,,,,,,
1,775,1,1,2MWD,0.206666667,5/2/2020 11:34,GV0.2,2386,,,,,,,,,,,,,,,,,32,,208,,,,,,,,,,,,,,,,,,,,,,,
1,775,1,1,2MWD,0.206666667,5/2/2020 11:34,GV1.1,1452,,,,,,,,2938,,148,32.16,40.34,,,,,,,,,,,,,,,,,,,,,,,,,,,,,,
1,775,1,1,2MWD,0.206666667,5/2/2020 11:34,GV2.2,2122,,,,,,,,,,,,,,,,,,,,,,,,,,,,,,26,,,,,,,,,,,,
1,806,1,1,2MWD,0.215277778,5/2/2020 11:35,GV0.0,1016,,,,,,,,,,,,,,,,,,,,,,,,,,,,,,,,,,,,,,,,,,
1,806,1,1,2MWD,0.215277778,5/2/2020 11:35,GV1.0,276,,,,,,,,,0,,,,,,,,,,,,,,,,,,,,,,,,,,,80,0.6665,,,,,
1,806,1,1,2MWD,0.215277778,5/2/2020 11:35,GV2.0,222,,,,,,,,,,,,,,,,,,,,,,,,,,,39.1,,,,,,,,,,,,,,,
0,813,1,1,RTClk,0.217222222,5/2/2020 11:35,,5/2/2020 11:35,,,,,,,,,,,,,,,,,,,,,,,,,,,,,,,,,,,,,,,,,,
1,837,1,1,2MWD,0.223888889,5/2/2020 11:35,GV0.2,2386,,,,,,,,,,,,,,,,,32,,208,,,,,,,,,,,,,,,,,,,,,,,
1,837,1,1,2MWD,0.223888889,5/2/2020 11:35,GV1.1,1452,,,,,,,,2938,,148,32.16,40.34,,,,,,,,,,,,,,,,,,,,,,,,,,,,,,
1,837,1,1,2MWD,0.223888889,5/2/2020 11:35,GV2.2,2122,,,,,,,,,,,,,,,,,,,,,,,,,,,,,,26,,,,,,,,,,,,
1,868,1,1,2MWD,0.2325,5/2/2020 11:36,GV0.0,1016,,,,,,,,,,,,,,,,,,,,,,,,,,,,,,,,,,,,,,,,,,
1,868,1,1,2MWD,0.2325,5/2/2020 11:36,GV1.0,276,,,,,,,,,0,,,,,,,,,,,,,,,,,,,,,,,,,,,80,0.6665,,,,,
1,868,1,1,2MWD,0.2325,5/2/2020 11:36,GV2.0,222,,,,,,,,,,,,,,,,,,,,,,,,,,,39.1,,,,,,,,,,,,,,,
1,899,1,1,2MWD,0.241111111,5/2/2020 11:36,GV0.2,2386,,,,,,,,,,,,,,,,,32,,208,,,,,,,,,,,,,,,,,,,,,,,
1,899,1,1,2MWD,0.241111111,5/2/2020 11:36,GV1.1,1452,,,,,,,,2938,,148,32.16,40.34,,,,,,,,,,,,,,,,,,,,,,,,,,,,,,
1,899,1,1,2MWD,0.241111111,5/2/2020 11:36,GV2.2,2122,,,,,,,,,,,,,,,,,,,,,,,,,,,,,,26,,,,,,,,,,,,
1,930,1,1,2MWD,0.249722222,5/2/2020 11:37,GV0.0,1016,,,,,,,,,,,,,,,,,,,,,,,,,,,,,,,,,,,,,,,,,,
1,930,1,1,2MWD,0.249722222,5/2/2020 11:37,GV1.0,276,,,,,,,,,0,,,,,,,,,,,,,,,,,,,,,,,,,,,80,0.6665,,,,,
1,930,1,1,2MWD,0.249722222,5/2/2020 11:37,GV2.0,222,,,,,,,,,,,,,,,,,,,,,,,,,,,39.1,,,,,,,,,,,,,,,
1,961,1,1,2MWD,0.258333333,5/2/2020 11:37,GV0.2,2386,,,,,,,,,,,,,,,,,32,,208,,,,,,,,,,,,,,,,,,,,,,,
1,961,1,1,2MWD,0.258333333,5/2/2020 11:37,GV1.1,1452,,,,,,,,2938,,148,32.16,40.34,,,,,,,,,,,,,,,,,,,,,,,,,,,,,,
1,961,1,1,2MWD,0.258333333,5/2/2020 11:37,GV2.2,2122,,,,,,,,,,,,,,,,,,,,,,,,,,,,,,26,,,,,,,,,,,,
1,992,1,1,2MWD,0.266944444,5/2/2020 11:38,GV0.0,1016,,,,,,,,,,,,,,,,,,,,,,,,,,,,,,,,,,,,,,,,,,
1,992,1,1,2MWD,0.266944444,5/2/2020 11:38,GV1.0,276,,,,,,,,,0,,,,,,,,,,,,,,,,,,,,,,,,,,,80,0.6665,,,,,
1,992,1,1,2MWD,0.266944444,5/2/2020 11:38,GV2.0,222,,,,,,,,,,,,,,,,,,,,,,,,,,,39.1,,,,,,,,,,,,,,,
1,1023,1,1,2MWD,0.275555556,5/2/2020 11:38,GV0.2,2386,,,,,,,,,,,,,,,,,32,,208,,,,,,,,,,,,,,,,,,,,,,,
1,1023,1,1,2MWD,0.275555556,5/2/2020 11:38,GV1.1,1452,,,,,,,,2938,,148,32.16,40.34,,,,,,,,,,,,,,,,,,,,,,,,,,,,,,
1,1023,1,1,2MWD,0.275555556,5/2/2020 11:38,GV2.2,2122,,,,,,,,,,,,,,,,,,,,,,,,,,,,,,26,,,,,,,,,,,,
1,1054,1,1,2MWD,0.284166667,5/2/2020 11:39,GV0.0,1016,,,,,,,,,,,,,,,,,,,,,,,,,,,,,,,,,,,,,,,,,,
1,1054,1,1,2MWD,0.284166667,5/2/2020 11:39,GV1.0,276,,,,,,,,,0,,,,,,,,,,,,,,,,,,,,,,,,,,,80,0.6665,,,,,
1,1054,1,1,2MWD,0.284166667,5/2/2020 11:39,GV2.0,222,,,,,,,,,,,,,,,,,,,,,,,,,,,39.1,,,,,,,,,,,,,,,
1,1086,1,1,2MWD,0.293055556,5/2/2020 11:39,GV0.2,2386,,,,,,,,,,,,,,,,,32,,208,,,,,,,,,,,,,,,,,,,,,,,
1,1086,1,1,2MWD,0.293055556,5/2/2020 11:39,GV1.1,1452,,,,,,,,2938,,148,32.16,40.34,,,,,,,,,,,,,,,,,,,,,,,,,,,,,,
1,1086,1,1,2MWD,0.293055556,5/2/2020 11:39,GV2.2,2122,,,,,,,,,,,,,,,,,,,,,,,,,,,,,,26,,,,,,,,,,,,
1,1116,1,1,2MWD,0.301388889,5/2/2020 11:40,GV0.0,1016,,,,,,,,,,,,,,,,,,,,,,,,,,,,,,,,,,,,,,,,,,
1,1116,1,1,2MWD,0.301388889,5/2/2020 11:40,GV1.0,276,,,,,,,,,0,,,,,,,,,,,,,,,,,,,,,,,,,,,80,0.6665,,,,,
1,1116,1,1,2MWD,0.301388889,5/2/2020 11:40,GV2.0,222,,,,,,,,,,,,,,,,,,,,,,,,,,,39.1,,,,,,,,,,,,,,,
1,1147,1,1,2MWD,0.31,5/2/2020 11:40,GV0.2,2386,,,,,,,,,,,,,,,,,32,,208,,,,,,,,,,,,,,,,,,,,,,,
1,1147,1,1,2MWD,0.31,5/2/2020 11:40,GV1.1,1452,,,,,,,,2938,,148,32.16,40.34,,,,,,,,,,,,,,,,,,,,,,,,,,,,,,
1,1147,1,1,2MWD,0.31,5/2/2020 11:40,GV2.2,2122,,,,,,,,,,,,,,,,,,,,,,,,,,,,,,26,,,,,,,,,,,,
1,1178,1,1,2MWD,0.318611111,5/2/2020 11:41,GV0.0,1016,,,,,,,,,,,,,,,,,,,,,,,,,,,,,,,,,,,,,,,,,,
1,1178,1,1,2MWD,0.318611111,5/2/2020 11:41,GV1.0,276,,,,,,,,,0,,,,,,,,,,,,,,,,,,,,,,,,,,,80,0.6665,,,,,
1,1178,1,1,2MWD,0.318611111,5/2/2020 11:41,GV2.0,222,,,,,,,,,,,,,,,,,,,,,,,,,,,39.1,,,,,,,,,,,,,,,
1,1209,1,1,2MWD,0.327222222,5/2/2020 11:41,GV0.2,2386,,,,,,,,,,,,,,,,,32,,208,,,,,,,,,,,,,,,,,,,,,,,
1,1209,1,1,2MWD,0.327222222,5/2/2020 11:41,GV1.1,1452,,,,,,,,2938,,148,32.16,40.34,,,,,,,,,,,,,,,,,,,,,,,,,,,,,,
1,1209,1,1,2MWD,0.327222222,5/2/2020 11:41,GV2.2,2122,,,,,,,,,,,,,,,,,,,,,,,,,,,,,,26,,,,,,,,,,,,
1,1240,1,1,2MWD,0.335833333,5/2/2020 11:42,GV0.0,1016,,,,,,,,,,,,,,,,,,,,,,,,,,,,,,,,,,,,,,,,,,
1,1240,1,1,2MWD,0.335833333,5/2/2020 11:42,GV1.0,276,,,,,,,,,0,,,,,,,,,,,,,,,,,,,,,,,,,,,80,0.6665,,,,,
1,1240,1,1,2MWD,0.335833333,5/2/2020 11:42,GV2.0,222,,,,,,,,,,,,,,,,,,,,,,,,,,,39.1,,,,,,,,,,,,,,,
1,1271,1,1,2MWD,0.344444444,5/2/2020 11:42,GV0.2,2386,,,,,,,,,,,,,,,,,32,,208,,,,,,,,,,,,,,,,,,,,,,,
1,1271,1,1,2MWD,0.344444444,5/2/2020 11:42,GV1.1,1452,,,,,,,,2938,,148,32.16,40.34,,,,,,,,,,,,,,,,,,,,,,,,,,,,,,
1,1271,1,1,2MWD,0.344444444,5/2/2020 11:42,GV2.2,2122,,,,,,,,,,,,,,,,,,,,,,,,,,,,,,26,,,,,,,,,,,,
1,614,2,2,2MWD,0.344444444,5/4/2020 8:28,GV0,2570,,,,,,,,,,,,,,,,,,,,,,,,,,,,,,,,,,,,,,,,,,
1,614,2,2,2MWD,0.344444444,5/4/2020 8:28,GV1,2570,,,,,,,,,,,,,,,,,,,,,,,,,,,,,,,,,,,,,,,,,,
1,614,2,2,2MWD,0.344444444,5/4/2020 8:28,GV2,2570,,,,,,,,,,,,,,,,,,,,,,,,,,,,,,,,,,,,,,,,,,
1,713,2,2,2MWD,0.371944444,5/4/2020 8:29,GV0.1,1024,0,0,0,0,0,0,0,,,,,,,,,,,0,,,,,,,0,,,,,,,,,,0,,,,,,,
1,713,2,2,2MWD,0.371944444,5/4/2020 8:29,GV1.2,2274,,,,,,,,,,,,,,,,,,,,,,,,,,,,,,,,,,,,,,,,1.75,2,
1,713,2,2,2MWD,0.371944444,5/4/2020 8:29,GV2.1,1054,,,,,,,,,,,,,,,,,,,,,,,,0,,,,,,,,,,0,,,,,,,,120
1,744,2,2,2MWD,0.380555556,5/4/2020 8:30,GV0.3,3233,,,,,,,,,,,,,1,,,,,,,,,,90,,,,,,,,,,1,,,,,,,,,
1,744,2,2,2MWD,0.380555556,5/4/2020 8:30,GV1.3,3324,,,,,,,,,,,,,,0,356,,,,,,,,,,,,,,,,,,,,,,,,,,,
1,744,2,2,2MWD,0.380555556,5/4/2020 8:30,GV2.3,3456,,,,,,,,,,,,,,,,60,,,,,,,,,,,,,,,,,,,,,,60,,,,
1,775,2,2,2MWD,0.389166667,5/4/2020 8:30,GV0.3,3233,,,,,,,,,,,,,1,,,,,,,,,,90,,,,,,,,,,1,,,,,,,,,
1,775,2,2,2MWD,0.389166667,5/4/2020 8:30,GV1.3,3324,,,,,,,,,,,,,,0,356,,,,,,,,,,,,,,,,,,,,,,,,,,,
1,775,2,2,2MWD,0.389166667,5/4/2020 8:30,GV2.3,3456,,,,,,,,,,,,,,,,60,,,,,,,,,,,,,,,,,,,,,,60,,,,
0,797,2,2,RTClk,0.395277778,5/4/2020 8:31,,5/4/2020 8:31,,,,,,,,,,,,,,,,,,,,,,,,,,,,,,,,,,,,,,,,,,
1,806,2,2,2MWD,0.397777778,5/4/2020 8:31,GV0.3,3233,,,,,,,,,,,,,1,,,,,,,,,,90,,,,,,,,,,1,,,,,,,,,
1,806,2,2,2MWD,0.397777778,5/4/2020 8:31,GV1.3,3324,,,,,,,,,,,,,,0,356,,,,,,,,,,,,,,,,,,,,,,,,,,,
1,806,2,2,2MWD,0.397777778,5/4/2020 8:31,GV2.3,3456,,,,,,,,,,,,,,,,60,,,,,,,,,,,,,,,,,,,,,,60,,,,
1,837,2,2,2MWD,0.406388889,5/4/2020 8:31,GV0.3,3233,,,,,,,,,,,,,1,,,,,,,,,,90,,,,,,,,,,1,,,,,,,,,
1,837,2,2,2MWD,0.406388889,5/4/2020 8:31,GV1.3,3324,,,,,,,,,,,,,,0,356,,,,,,,,,,,,,,,,,,,,,,,,,,,
1,837,2,2,2MWD,0.406388889,5/4/2020 8:31,GV2.3,3456,,,,,,,,,,,,,,,,60,,,,,,,,,,,,,,,,,,,,,,60,,,,
1,868,2,2,2MWD,0.415,5/4/2020 8:32,GV0.3,3233,,,,,,,,,,,,,1,,,,,,,,,,90,,,,,,,,,,1,,,,,,,,,
1,868,2,2,2MWD,0.415,5/4/2020 8:32,GV1.3,3324,,,,,,,,,,,,,,0,356,,,,,,,,,,,,,,,,,,,,,,,,,,,
1,868,2,2,2MWD,0.415,5/4/2020 8:32,GV2.3,3456,,,,,,,,,,,,,,,,60,,,,,,,,,,,,,,,,,,,,,,60,,,,
1,899,2,2,2MWD,0.423611111,5/4/2020 8:32,GV0.3,3233,,,,,,,,,,,,,1,,,,,,,,,,90,,,,,,,,,,1,,,,,,,,,
1,899,2,2,2MWD,0.423611111,5/4/2020 8:32,GV1.3,3324,,,,,,,,,,,,,,0,356,,,,,,,,,,,,,,,,,,,,,,,,,,,
1,899,2,2,2MWD,0.423611111,5/4/2020 8:32,GV2.3,3456,,,,,,,,,,,,,,,,60,,,,,,,,,,,,,,,,,,,,,,60,,,,
1,930,2,2,2MWD,0.432222222,5/4/2020 8:33,GV0.3,3233,,,,,,,,,,,,,1,,,,,,,,,,90,,,,,,,,,,1,,,,,,,,,
1,930,2,2,2MWD,0.432222222,5/4/2020 8:33,GV1.3,3324,,,,,,,,,,,,,,0,356,,,,,,,,,,,,,,,,,,,,,,,,,,,
1,930,2,2,2MWD,0.432222222,5/4/2020 8:33,GV2.3,3456,,,,,,,,,,,,,,,,60,,,,,,,,,,,,,,,,,,,,,,60,,,,
1,962,2,2,2MWD,0.441111111,5/4/2020 8:33,GV0.3,3233,,,,,,,,,,,,,1,,,,,,,,,,90,,,,,,,,,,1,,,,,,,,,
1,962,2,2,2MWD,0.441111111,5/4/2020 8:33,GV1.3,3324,,,,,,,,,,,,,,0,356,,,,,,,,,,,,,,,,,,,,,,,,,,,
1,962,2,2,2MWD,0.441111111,5/4/2020 8:33,GV2.3,3456,,,,,,,,,,,,,,,,60,,,,,,,,,,,,,,,,,,,,,,60,,,,
1,992,2,2,2MWD,0.449444444,5/4/2020 8:34,GV0.3,3233,,,,,,,,,,,,,1,,,,,,,,,,90,,,,,,,,,,1,,,,,,,,,
1,992,2,2,2MWD,0.449444444,5/4/2020 8:34,GV1.3,3324,,,,,,,,,,,,,,0,356,,,,,,,,,,,,,,,,,,,,,,,,,,,
1,992,2,2,2MWD,0.449444444,5/4/2020 8:34,GV2.3,3456,,,,,,,,,,,,,,,,60,,,,,,,,,,,,,,,,,,,,,,60,,,,
1,1023,2,2,2MWD,0.458055556,5/4/2020 8:34,GV0.3,3233,,,,,,,,,,,,,1,,,,,,,,,,90,,,,,,,,,,1,,,,,,,,,
1,1023,2,2,2MWD,0.458055556,5/4/2020 8:34,GV1.3,3324,,,,,,,,,,,,,,0,356,,,,,,,,,,,,,,,,,,,,,,,,,,,
1,1023,2,2,2MWD,0.458055556,5/4/2020 8:34,GV2.3,3456,,,,,,,,,,,,,,,,60,,,,,,,,,,,,,,,,,,,,,,60,,,,
1,1054,2,2,2MWD,0.466666667,5/4/2020 8:35,GV0.1,1024,0,0,0,0,0,0,0,,,,,,,,,,,0,,,,,,,0,,,,,,,,,,0,,,,,,,
1,1054,2,2,2MWD,0.466666667,5/4/2020 8:35,GV1.2,2274,,,,,,,,,,,,,,,,,,,,,,,,,,,,,,,,,,,,,,,,1.75,2,
1,1054,2,2,2MWD,0.466666667,5/4/2020 8:35,GV2.1,1054,,,,,,,,,,,,,,,,,,,,,,,,0,,,,,,,,,,0,,,,,,,,120
1,1085,2,2,2MWD,0.475277778,5/4/2020 8:35,GV0.1,1024,0,0,0,0,0,0,0,,,,,,,,,,,0,,,,,,,0,,,,,,,,,,0,,,,,,,
1,1085,2,2,2MWD,0.475277778,5/4/2020 8:35,GV1.2,2274,,,,,,,,,,,,,,,,,,,,,,,,,,,,,,,,,,,,,,,,1.75,2,
1,1085,2,2,2MWD,0.475277778,5/4/2020 8:35,GV2.1,1054,,,,,,,,,,,,,,,,,,,,,,,,0,,,,,,,,,,0,,,,,,,,120
1,1116,2,2,2MWD,0.483888889,5/4/2020 8:36,GV0.3,3238,,,,,,,,,,,,,1,,,,,,,,,,100,,,,,,,,,,2,,,,,,,,,
1,1116,2,2,2MWD,0.483888889,5/4/2020 8:36,GV1.3,3324,,,,,,,,,,,,,,0,356,,,,,,,,,,,,,,,,,,,,,,,,,,,
1,1116,2,2,2MWD,0.483888889,5/4/2020 8:36,GV2.3,3584,,,,,,,,,,,,,,,,80,,,,,,,,,,,,,,,,,,,,,,60,,,,
1,1147,2,2,2MWD,0.4925,5/4/2020 8:36,GV0.3,3238,,,,,,,,,,,,,1,,,,,,,,,,100,,,,,,,,,,2,,,,,,,,,
1,1147,2,2,2MWD,0.4925,5/4/2020 8:36,GV1.3,3324,,,,,,,,,,,,,,0,356,,,,,,,,,,,,,,,,,,,,,,,,,,,
1,1147,2,2,2MWD,0.4925,5/4/2020 8:36,GV2.3,3584,,,,,,,,,,,,,,,,80,,,,,,,,,,,,,,,,,,,,,,60,,,,
1,1178,2,2,2MWD,0.501111111,5/4/2020 8:37,GV0.3,3238,,,,,,,,,,,,,1,,,,,,,,,,100,,,,,,,,,,2,,,,,,,,,
1,1178,2,2,2MWD,0.501111111,5/4/2020 8:37,GV1.3,3324,,,,,,,,,,,,,,0,356,,,,,,,,,,,,,,,,,,,,,,,,,,,
1,1178,2,2,2MWD,0.501111111,5/4/2020 8:37,GV2.3,3584,,,,,,,,,,,,,,,,80,,,,,,,,,,,,,,,,,,,,,,60,,,,
1,1209,2,2,2MWD,0.509722222,5/4/2020 8:37,GV0.3,3238,,,,,,,,,,,,,1,,,,,,,,,,100,,,,,,,,,,2,,,,,,,,,
1,1209,2,2,2MWD,0.509722222,5/4/2020 8:37,GV1.3,3324,,,,,,,,,,,,,,0,356,,,,,,,,,,,,,,,,,,,,,,,,,,,
1,1209,2,2,2MWD,0.509722222,5/4/2020 8:37,GV2.3,3584,,,,,,,,,,,,,,,,80,,,,,,,,,,,,,,,,,,,,,,60,,,,
1,1240,2,2,2MWD,0.518333333,5/4/2020 8:38,GV0.3,3238,,,,,,,,,,,,,1,,,,,,,,,,100,,,,,,,,,,2,,,,,,,,,
1,1240,2,2,2MWD,0.518333333,5/4/2020 8:38,GV1.3,3324,,,,,,,,,,,,,,0,356,,,,,,,,,,,,,,,,,,,,,,,,,,,
1,1240,2,2,2MWD,0.518333333,5/4/2020 8:38,GV2.3,3584,,,,,,,,,,,,,,,,80,,,,,,,,,,,,,,,,,,,,,,60,,,,
1,1271,2,2,2MWD,0.526944444,5/4/2020 8:38,GV0.3,3238,,,,,,,,,,,,,1,,,,,,,,,,100,,,,,,,,,,2,,,,,,,,,
1,1271,2,2,2MWD,0.526944444,5/4/2020 8:38,GV1.3,3324,,,,,,,,,,,,,,0,356,,,,,,,,,,,,,,,,,,,,,,,,,,,
1,1271,2,2,2MWD,0.526944444,5/4/2020 8:38,GV2.3,3584,,,,,,,,,,,,,,,,80,,,,,,,,,,,,,,,,,,,,,,60,,,,
1,1302,2,2,2MWD,0.535555556,5/4/2020 8:39,GV0.3,3238,,,,,,,,,,,,,1,,,,,,,,,,100,,,,,,,,,,2,,,,,,,,,
1,1302,2,2,2MWD,0.535555556,5/4/2020 8:39,GV1.3,3324,,,,,,,,,,,,,,0,356,,,,,,,,,,,,,,,,,,,,,,,,,,,
1,1302,2,2,2MWD,0.535555556,5/4/2020 8:39,GV2.3,3584,,,,,,,,,,,,,,,,80,,,,,,,,,,,,,,,,,,,,,,60,,,,
1,1333,2,2,2MWD,0.544166667,5/4/2020 8:40,GV0.3,3238,,,,,,,,,,,,,1,,,,,,,,,,100,,,,,,,,,,2,,,,,,,,,
1,1333,2,2,2MWD,0.544166667,5/4/2020 8:40,GV1.3,3324,,,,,,,,,,,,,,0,356,,,,,,,,,,,,,,,,,,,,,,,,,,,
1,1333,2,2,2MWD,0.544166667,5/4/2020 8:40,GV2.3,3584,,,,,,,,,,,,,,,,80,,,,,,,,,,,,,,,,,,,,,,60,,,,
1,1364,2,2,2MWD,0.552777778,5/4/2020 8:40,GV0.3,3239,,,,,,,,,,,,,1,,,,,,,,,,100,,,,,,,,,,3,,,,,,,,,
1,1364,2,2,2MWD,0.552777778,5/4/2020 8:40,GV1.3,3360,,,,,,,,,,,,,,1,45,,,,,,,,,,,,,,,,,,,,,,,,,,,
1,1364,2,2,2MWD,0.552777778,5/4/2020 8:40,GV2.3,3584,,,,,,,,,,,,,,,,80,,,,,,,,,,,,,,,,,,,,,,60,,,,
1,1395,2,2,2MWD,0.561388889,5/4/2020 8:41,GV0.3,3239,,,,,,,,,,,,,1,,,,,,,,,,100,,,,,,,,,,3,,,,,,,,,
1,1395,2,2,2MWD,0.561388889,5/4/2020 8:41,GV1.3,3360,,,,,,,,,,,,,,1,45,,,,,,,,,,,,,,,,,,,,,,,,,,,
1,1395,2,2,2MWD,0.561388889,5/4/2020 8:41,GV2.3,3584,,,,,,,,,,,,,,,,80,,,,,,,,,,,,,,,,,,,,,,60,,,,
1,1427,2,2,2MWD,0.570277778,5/4/2020 8:41,GV0.3,3239,,,,,,,,,,,,,1,,,,,,,,,,100,,,,,,,,,,3,,,,,,,,,
1,1427,2,2,2MWD,0.570277778,5/4/2020 8:41,GV1.3,3360,,,,,,,,,,,,,,1,45,,,,,,,,,,,,,,,,,,,,,,,,,,,
1,1427,2,2,2MWD,0.570277778,5/4/2020 8:41,GV2.3,3584,,,,,,,,,,,,,,,,80,,,,,,,,,,,,,,,,,,,,,,60,,,,
1,1457,2,2,2MWD,0.578611111,5/4/2020 8:42,GV0.3,3239,,,,,,,,,,,,,1,,,,,,,,,,100,,,,,,,,,,3,,,,,,,,,
1,1457,2,2,2MWD,0.578611111,5/4/2020 8:42,GV1.3,3360,,,,,,,,,,,,,,1,45,,,,,,,,,,,,,,,,,,,,,,,,,,,
1,1457,2,2,2MWD,0.578611111,5/4/2020 8:42,GV2.3,3584,,,,,,,,,,,,,,,,80,,,,,,,,,,,,,,,,,,,,,,60,,,,
1,1488,2,2,2MWD,0.587222222,5/4/2020 8:42,GV0.3,3239,,,,,,,,,,,,,1,,,,,,,,,,100,,,,,,,,,,3,,,,,,,,,
1,1488,2,2,2MWD,0.587222222,5/4/2020 8:42,GV1.3,3360,,,,,,,,,,,,,,1,45,,,,,,,,,,,,,,,,,,,,,,,,,,,
1,1488,2,2,2MWD,0.587222222,5/4/2020 8:42,GV2.3,3584,,,,,,,,,,,,,,,,80,,,,,,,,,,,,,,,,,,,,,,60,,,,
1,1519,2,2,2MWD,0.595833333,5/4/2020 8:43,GV0.3,3239,,,,,,,,,,,,,1,,,,,,,,,,100,,,,,,,,,,3,,,,,,,,,
1,1519,2,2,2MWD,0.595833333,5/4/2020 8:43,GV1.3,3360,,,,,,,,,,,,,,1,45,,,,,,,,,,,,,,,,,,,,,,,,,,,
1,1519,2,2,2MWD,0.595833333,5/4/2020 8:43,GV2.3,3584,,,,,,,,,,,,,,,,80,,,,,,,,,,,,,,,,,,,,,,60,,,,
1,1550,2,2,2MWD,0.604444444,5/4/2020 8:43,GV0.3,3239,,,,,,,,,,,,,1,,,,,,,,,,100,,,,,,,,,,3,,,,,,,,,
1,1550,2,2,2MWD,0.604444444,5/4/2020 8:43,GV1.3,3254,,,,,,,,,,,,,,0,257,,,,,,,,,,,,,,,,,,,,,,,,,,,
1,1550,2,2,2MWD,0.604444444,5/4/2020 8:43,GV2.3,3584,,,,,,,,,,,,,,,,80,,,,,,,,,,,,,,,,,,,,,,60,,,,
1,31,3,8,2MWD,0.604444444,,GV0.3,3280,,,,,,,,,,,,,1,,,,,,,,,,325,,,,,,,,,,0,,,,,,,,,
1,31,3,8,2MWD,0.604444444,,GV1.3,3584,,,,,,,,,,,,,,2,0,,,,,,,,,,,,,,,,,,,,,,,,,,,
1,31,3,8,2MWD,0.604444444,,GV2.3,3072,,,,,,,,,,,,,,,,0,,,,,,,,,,,,,,,,,,,,,,60,,,,
0,43,3,11,RTClk,0.607777778,,,0/0/200 0:0:40,,,,,,,,,,,,,,,,,,,,,,,,,,,,,,,,,,,,,,,,,,
1,62,3,16,2MWD,0.613055556,,GV0.1,1728,1,1,1,0,0,0,0,,,,,,,,,,,0,,,,,,,0,,,,,,,,,,0,,,,,,,
1,62,3,16,2MWD,0.613055556,,GV1.2,2048,,,,,,,,,,,,,,,,,,,,,,,,,,,,,,,,,,,,,,,,0,0,
1,62,3,16,2MWD,0.613055556,,GV2.1,1024,,,,,,,,,,,,,,,,,,,,,,,,0,,,,,,,,,,0,,,,,,,,0
0,83,3,21,RTClk,0.618888889,,,0/0/200 0:1:20,,,,,,,,,,,,,,,,,,,,,,,,,,,,,,,,,,,,,,,,,,
1,94,3,24,2MWD,0.621944444,,GV0.3,3280,,,,,,,,,,,,,1,,,,,,,,,,325,,,,,,,,,,0,,,,,,,,,
1,94,3,24,2MWD,0.621944444,,GV1.3,3584,,,,,,,,,,,,,,2,0,,,,,,,,,,,,,,,,,,,,,,,,,,,
1,94,3,24,2MWD,0.621944444,,GV2.3,3072,,,,,,,,,,,,,,,,0,,,,,,,,,,,,,,,,,,,,,,60,,,,
0,123,3,31,RTClk,0.63,,,0/0/200 0:2:0,,,,,,,,,,,,,,,,,,,,,,,,,,,,,,,,,,,,,,,,,,
1,124,3,31,2MWD,0.630277778,,GV0.1,1728,1,1,1,0,0,0,0,,,,,,,,,,,0,,,,,,,0,,,,,,,,,,0,,,,,,,
1,124,3,31,2MWD,0.630277778,,GV1.2,2113,,,,,,,,,,,,,,,,,,,,,,,,,,,,,,,,,,,,,,,,0.5,1,
1,124,3,31,2MWD,0.630277778,,GV2.1,1024,,,,,,,,,,,,,,,,,,,,,,,,0,,,,,,,,,,0,,,,,,,,0
1,155,3,38,2MWD,0.638888889,,GV0.3,3280,,,,,,,,,,,,,1,,,,,,,,,,325,,,,,,,,,,0,,,,,,,,,
1,155,3,38,2MWD,0.638888889,,GV1.3,3584,,,,,,,,,,,,,,2,0,,,,,,,,,,,,,,,,,,,,,,,,,,,
1,155,3,38,2MWD,0.638888889,,GV2.3,3072,,,,,,,,,,,,,,,,0,,,,,,,,,,,,,,,,,,,,,,60,,,,
1,186,3,46,2MWD,0.6475,,GV0.1,1728,1,1,1,0,0,0,0,,,,,,,,,,,0,,,,,,,0,,,,,,,,,,0,,,,,,,
1,186,3,46,2MWD,0.6475,,GV1.2,2113,,,,,,,,,,,,,,,,,,,,,,,,,,,,,,,,,,,,,,,,0.5,1,
1,186,3,46,2MWD,0.6475,,GV2.1,1024,,,,,,,,,,,,,,,,,,,,,,,,0,,,,,,,,,,0,,,,,,,,0
1,217,3,54,2MWD,0.656111111,,GV0.3,3280,,,,,,,,,,,,,1,,,,,,,,,,325,,,,,,,,,,0,,,,,,,,,
1,217,3,54,2MWD,0.656111111,,GV1.3,3584,,,,,,,,,,,,,,2,0,,,,,,,,,,,,,,,,,,,,,,,,,,,
1,217,3,54,2MWD,0.656111111,,GV2.3,3072,,,,,,,,,,,,,,,,0,,,,,,,,,,,,,,,,,,,,,,60,,,,
1,31,4,67,2MWD,0.656111111,,GV0.3,3280,,,,,,,,,,,,,1,,,,,,,,,,325,,,,,,,,,,0,,,,,,,,,
1,31,4,67,2MWD,0.656111111,,GV1.3,3584,,,,,,,,,,,,,,2,0,,,,,,,,,,,,,,,,,,,,,,,,,,,
1,31,4,67,2MWD,0.656111111,,GV2.3,3072,,,,,,,,,,,,,,,,0,,,,,,,,,,,,,,,,,,,,,,60,,,,
0,43,4,70,RTClk,0.659444444,,,0/0/200 0:0:40,,,,,,,,,,,,,,,,,,,,,,,,,,,,,,,,,,,,,,,,,,
1,62,4,75,2MWD,0.664722222,,GV0.1,1728,1,1,1,0,0,0,0,,,,,,,,,,,0,,,,,,,0,,,,,,,,,,0,,,,,,,
1,62,4,75,2MWD,0.664722222,,GV1.2,2048,,,,,,,,,,,,,,,,,,,,,,,,,,,,,,,,,,,,,,,,0,0,
1,62,4,75,2MWD,0.664722222,,GV2.1,1024,,,,,,,,,,,,,,,,,,,,,,,,0,,,,,,,,,,0,,,,,,,,0
0,83,4,80,RTClk,0.670555556,,,0/0/200 0:1:20,,,,,,,,,,,,,,,,,,,,,,,,,,,,,,,,,,,,,,,,,,
1,94,4,83,2MWD,0.673611111,,GV0.3,3280,,,,,,,,,,,,,1,,,,,,,,,,325,,,,,,,,,,0,,,,,,,,,
1,94,4,83,2MWD,0.673611111,,GV1.3,3584,,,,,,,,,,,,,,2,0,,,,,,,,,,,,,,,,,,,,,,,,,,,
1,94,4,83,2MWD,0.673611111,,GV2.3,3072,,,,,,,,,,,,,,,,0,,,,,,,,,,,,,,,,,,,,,,60,,,,
1,31,5,91,2MWD,0.673611111,,GV0.3,3280,,,,,,,,,,,,,1,,,,,,,,,,325,,,,,,,,,,0,,,,,,,,,
1,31,5,91,2MWD,0.673611111,,GV1.3,3584,,,,,,,,,,,,,,2,0,,,,,,,,,,,,,,,,,,,,,,,,,,,
1,31,5,91,2MWD,0.673611111,,GV2.3,3072,,,,,,,,,,,,,,,,0,,,,,,,,,,,,,,,,,,,,,,60,,,,
0,43,5,94,RTClk,0.676944444,,,0/0/200 0:0:40,,,,,,,,,,,,,,,,,,,,,,,,,,,,,,,,,,,,,,,,,,
1,62,5,99,2MWD,0.682222222,,GV0.1,1728,1,1,1,0,0,0,0,,,,,,,,,,,0,,,,,,,0,,,,,,,,,,0,,,,,,,
1,62,5,99,2MWD,0.682222222,,GV1.2,2048,,,,,,,,,,,,,,,,,,,,,,,,,,,,,,,,,,,,,,,,0,0,
1,62,5,99,2MWD,0.682222222,,GV2.1,1024,,,,,,,,,,,,,,,,,,,,,,,,0,,,,,,,,,,0,,,,,,,,0
0,83,5,104,RTClk,0.688055556,,,0/0/200 0:1:20,,,,,,,,,,,,,,,,,,,,,,,,,,,,,,,,,,,,,,,,,,
1,94,5,107,2MWD,0.691111111,,GV0.3,3280,,,,,,,,,,,,,1,,,,,,,,,,325,,,,,,,,,,0,,,,,,,,,
1,94,5,107,2MWD,0.691111111,,GV1.3,3584,,,,,,,,,,,,,,2,0,,,,,,,,,,,,,,,,,,,,,,,,,,,
1,94,5,107,2MWD,0.691111111,,GV2.3,3072,,,,,,,,,,,,,,,,0,,,,,,,,,,,,,,,,,,,,,,60,,,,
0,123,5,114,RTClk,0.699166667,,,0/0/200 0:2:0,,,,,,,,,,,,,,,,,,,,,,,,,,,,,,,,,,,,,,,,,,
1,124,5,114,2MWD,0.699444444,,GV0.1,1728,1,1,1,0,0,0,0,,,,,,,,,,,0,,,,,,,0,,,,,,,,,,0,,,,,,,
1,124,5,114,2MWD,0.699444444,,GV1.2,2113,,,,,,,,,,,,,,,,,,,,,,,,,,,,,,,,,,,,,,,,0.5,1,
1,124,5,114,2MWD,0.699444444,,GV2.1,1024,,,,,,,,,,,,,,,,,,,,,,,,0,,,,,,,,,,0,,,,,,,,0
1,155,5,121,2MWD,0.708055556,,GV0.3,3280,,,,,,,,,,,,,1,,,,,,,,,,325,,,,,,,,,,0,,,,,,,,,
1,155,5,121,2MWD,0.708055556,,GV1.3,3584,,,,,,,,,,,,,,2,0,,,,,,,,,,,,,,,,,,,,,,,,,,,
1,155,5,121,2MWD,0.708055556,,GV2.3,3072,,,,,,,,,,,,,,,,0,,,,,,,,,,,,,,,,,,,,,,60,,,,
1,186,5,129,2MWD,0.716666667,,GV0.1,1728,1,1,1,0,0,0,0,,,,,,,,,,,0,,,,,,,0,,,,,,,,,,0,,,,,,,
1,186,5,129,2MWD,0.716666667,,GV1.2,2113,,,,,,,,,,,,,,,,,,,,,,,,,,,,,,,,,,,,,,,,0.5,1,
1,186,5,129,2MWD,0.716666667,,GV2.1,1024,,,,,,,,,,,,,,,,,,,,,,,,0,,,,,,,,,,0,,,,,,,,0
1,217,5,137,2MWD,0.725277778,,GV0.3,3280,,,,,,,,,,,,,1,,,,,,,,,,325,,,,,,,,,,0,,,,,,,,,
1,217,5,137,2MWD,0.725277778,,GV1.3,3584,,,,,,,,,,,,,,2,0,,,,,,,,,,,,,,,,,,,,,,,,,,,
1,217,5,137,2MWD,0.725277778,,GV2.3,3072,,,,,,,,,,,,,,,,0,,,,,,,,,,,,,,,,,,,,,,60,,,,
1,248,5,144,2MWD,0.733888889,,GV0.1,1728,1,1,1,0,0,0,0,,,,,,,,,,,0,,,,,,,0,,,,,,,,,,0,,,,,,,
1,248,5,144,2MWD,0.733888889,,GV1.2,2113,,,,,,,,,,,,,,,,,,,,,,,,,,,,,,,,,,,,,,,,0.5,1,
1,248,5,144,2MWD,0.733888889,,GV2.1,1024,,,,,,,,,,,,,,,,,,,,,,,,0,,,,,,,,,,0,,,,,,,,0
1,279,5,151,2MWD,0.7425,,GV0.3,3280,,,,,,,,,,,,,1,,,,,,,,,,325,,,,,,,,,,0,,,,,,,,,
1,279,5,151,2MWD,0.7425,,GV1.3,3584,,,,,,,,,,,,,,2,0,,,,,,,,,,,,,,,,,,,,,,,,,,,
1,279,5,151,2MWD,0.7425,,GV2.3,3072,,,,,,,,,,,,,,,,0,,,,,,,,,,,,,,,,,,,,,,60,,,,
1,310,5,159,2MWD,0.751111111,,GV0.0,1016,,,,,,,,,,,,,,,,,,,,,,,,,,,,,,,,,,,,,,,,,,
1,310,5,159,2MWD,0.751111111,,GV1.0,0,,,,,,,,,0,,,,,,,,,,,,,,,,,,,,,,,,,,,0,0,,,,,
1,310,5,159,2MWD,0.751111111,,GV2.0,509,,,,,,,,,,,,,,,,,,,,,,,,,,,89.6,,,,,,,,,,,,,,,
1,341,5,167,2MWD,0.759722222,,GV0.2,2048,,,,,,,,,,,,,,,,,0,,0,,,,,,,,,,,,,,,,,,,,,,,
1,341,5,167,2MWD,0.759722222,,GV1.1,1024,,,,,,,,1500,,0,,,,,,,,,,,,,,,,,,,,,,,,,,,,,,,,
1,341,5,167,2MWD,0.759722222,,GV2.2,2504,,,,,,,,,,,,,,,,,,,,,,,,,,,,,,160,,,,,,,,,,,,
1,372,5,173,2MWD,0.768333333,,GV0.0,1016,,,,,,,,,,,,,,,,,,,,,,,,,,,,,,,,,,,,,,,,,,
1,372,5,173,2MWD,0.768333333,,GV1.0,0,,,,,,,,,0,,,,,,,,,,,,,,,,,,,,,,,,,,,0,0,,,,,
1,372,5,173,2MWD,0.768333333,,GV2.0,509,,,,,,,,,,,,,,,,,,,,,,,,,,,89.6,,,,,,,,,,,,,,,
1,404,5,180,2MWD,0.777222222,,GV0.2,2048,,,,,,,,,,,,,,,,,0,,0,,,,,,,,,,,,,,,,,,,,,,,
1,404,5,180,2MWD,0.777222222,,GV1.1,1024,,,,,,,,1500,,0,,,,,,,,,,,,,,,,,,,,,,,,,,,,,,,,
1,404,5,180,2MWD,0.777222222,,GV2.2,2455,,,,,,,,,,,,,,,,,,,,,,,,,,,,,,142.8,,,,,,,,,,,,
1,434,5,186,2MWD,0.785555556,,GV0.0,1016,,,,,,,,,,,,,,,,,,,,,,,,,,,,,,,,,,,,,,,,,,
1,434,5,186,2MWD,0.785555556,,GV1.0,0,,,,,,,,,0,,,,,,,,,,,,,,,,,,,,,,,,,,,0,0,,,,,
1,434,5,186,2MWD,0.785555556,,GV2.0,509,,,,,,,,,,,,,,,,,,,,,,,,,,,89.6,,,,,,,,,,,,,,,
1,31,6,193,2MWD,0.785555556,5/5/2020 3:25,GV0.3,3280,,,,,,,,,,,,,1,,,,,,,,,,325,,,,,,,,,,0,,,,,,,,,
1,31,6,193,2MWD,0.785555556,5/5/2020 3:25,GV1.3,3584,,,,,,,,,,,,,,2,0,,,,,,,,,,,,,,,,,,,,,,,,,,,
1,31,6,193,2MWD,0.785555556,5/5/2020 3:25,GV2.3,3072,,,,,,,,,,,,,,,,0,,,,,,,,,,,,,,,,,,,,,,60,,,,
1,63,6,198,2MWD,0.794444444,5/5/2020 3:25,GV0.1,1728,1,1,1,0,0,0,0,,,,,,,,,,,0,,,,,,,0,,,,,,,,,,0,,,,,,,
1,63,6,198,2MWD,0.794444444,5/5/2020 3:25,GV1.2,2048,,,,,,,,,,,,,,,,,,,,,,,,,,,,,,,,,,,,,,,,0,0,
1,63,6,198,2MWD,0.794444444,5/5/2020 3:25,GV2.1,1024,,,,,,,,,,,,,,,,,,,,,,,,0,,,,,,,,,,0,,,,,,,,0
0,82,6,200,RTClk,0.799722222,5/5/2020 3:25,,5/5/2020 3:25,,,,,,,,,,,,,,,,,,,,,,,,,,,,,,,,,,,,,,,,,,
1,93,6,202,2MWD,0.802777778,5/5/2020 3:26,GV0.3,3280,,,,,,,,,,,,,1,,,,,,,,,,325,,,,,,,,,,0,,,,,,,,,
1,93,6,202,2MWD,0.802777778,5/5/2020 3:26,GV1.3,3584,,,,,,,,,,,,,,2,0,,,,,,,,,,,,,,,,,,,,,,,,,,,
1,93,6,202,2MWD,0.802777778,5/5/2020 3:26,GV2.3,3072,,,,,,,,,,,,,,,,0,,,,,,,,,,,,,,,,,,,,,,60,,,,
0,122,6,207,RTClk,0.810833333,5/5/2020 3:26,,5/5/2020 3:26,,,,,,,,,,,,,,,,,,,,,,,,,,,,,,,,,,,,,,,,,,
1,124,6,207,2MWD,0.811388889,5/5/2020 3:26,GV0.1,1728,1,1,1,0,0,0,0,,,,,,,,,,,0,,,,,,,0,,,,,,,,,,0,,,,,,,
1,124,6,207,2MWD,0.811388889,5/5/2020 3:26,GV1.2,2113,,,,,,,,,,,,,,,,,,,,,,,,,,,,,,,,,,,,,,,,0.5,1,
1,124,6,207,2MWD,0.811388889,5/5/2020 3:26,GV2.1,1024,,,,,,,,,,,,,,,,,,,,,,,,0,,,,,,,,,,0,,,,,,,,0
1,155,6,211,2MWD,0.82,5/5/2020 3:27,GV0.3,3280,,,,,,,,,,,,,1,,,,,,,,,,325,,,,,,,,,,0,,,,,,,,,
1,155,6,211,2MWD,0.82,5/5/2020 3:27,GV1.3,3584,,,,,,,,,,,,,,2,0,,,,,,,,,,,,,,,,,,,,,,,,,,,
1,155,6,211,2MWD,0.82,5/5/2020 3:27,GV2.3,3072,,,,,,,,,,,,,,,,0,,,,,,,,,,,,,,,,,,,,,,60,,,,
0,162,6,213,RTClk,0.821944444,5/5/2020 3:27,,5/5/2020 3:27,,,,,,,,,,,,,,,,,,,,,,,,,,,,,,,,,,,,,,,,,,
1,186,6,218,2MWD,0.828611111,5/5/2020 3:27,GV0.1,1728,1,1,1,0,0,0,0,,,,,,,,,,,0,,,,,,,0,,,,,,,,,,0,,,,,,,
1,186,6,218,2MWD,0.828611111,5/5/2020 3:27,GV1.2,2113,,,,,,,,,,,,,,,,,,,,,,,,,,,,,,,,,,,,,,,,0.5,1,
1,186,6,218,2MWD,0.828611111,5/5/2020 3:27,GV2.1,1024,,,,,,,,,,,,,,,,,,,,,,,,0,,,,,,,,,,0,,,,,,,,0
1,217,6,224,2MWD,0.837222222,5/5/2020 3:28,GV0.3,3280,,,,,,,,,,,,,1,,,,,,,,,,325,,,,,,,,,,0,,,,,,,,,
1,217,6,224,2MWD,0.837222222,5/5/2020 3:28,GV1.3,3584,,,,,,,,,,,,,,2,0,,,,,,,,,,,,,,,,,,,,,,,,,,,
1,217,6,224,2MWD,0.837222222,5/5/2020 3:28,GV2.3,3072,,,,,,,,,,,,,,,,0,,,,,,,,,,,,,,,,,,,,,,60,,,,
1,248,6,230,2MWD,0.845833333,5/5/2020 3:28,GV0.1,1728,1,1,1,0,0,0,0,,,,,,,,,,,0,,,,,,,0,,,,,,,,,,0,,,,,,,
1,248,6,230,2MWD,0.845833333,5/5/2020 3:28,GV1.2,2113,,,,,,,,,,,,,,,,,,,,,,,,,,,,,,,,,,,,,,,,0.5,1,
1,248,6,230,2MWD,0.845833333,5/5/2020 3:28,GV2.1,1024,,,,,,,,,,,,,,,,,,,,,,,,0,,,,,,,,,,0,,,,,,,,0
1,279,6,235,2MWD,0.854444444,5/5/2020 3:29,GV0.3,3280,,,,,,,,,,,,,1,,,,,,,,,,325,,,,,,,,,,0,,,,,,,,,
1,279,6,235,2MWD,0.854444444,5/5/2020 3:29,GV1.3,3584,,,,,,,,,,,,,,2,0,,,,,,,,,,,,,,,,,,,,,,,,,,,
1,279,6,235,2MWD,0.854444444,5/5/2020 3:29,GV2.3,3072,,,,,,,,,,,,,,,,0,,,,,,,,,,,,,,,,,,,,,,60,,,,
1,310,6,241,2MWD,0.863055556,5/5/2020 3:29,GV0.0,1016,,,,,,,,,,,,,,,,,,,,,,,,,,,,,,,,,,,,,,,,,,
1,310,6,241,2MWD,0.863055556,5/5/2020 3:29,GV1.0,0,,,,,,,,,0,,,,,,,,,,,,,,,,,,,,,,,,,,,0,0,,,,,
1,310,6,241,2MWD,0.863055556,5/5/2020 3:29,GV2.0,509,,,,,,,,,,,,,,,,,,,,,,,,,,,89.6,,,,,,,,,,,,,,,
1,343,6,245,2MWD,0.872222222,5/5/2020 3:30,GV0.2,2048,,,,,,,,,,,,,,,,,0,,0,,,,,,,,,,,,,,,,,,,,,,,
1,343,6,245,2MWD,0.872222222,5/5/2020 3:30,GV1.1,1024,,,,,,,,1500,,0,,,,,,,,,,,,,,,,,,,,,,,,,,,,,,,,
1,343,6,245,2MWD,0.872222222,5/5/2020 3:30,GV2.2,2555,,,,,,,,,,,,,,,,,,,,,,,,,,,,,,177.9,,,,,,,,,,,,
1,373,6,249,2MWD,0.880555556,5/5/2020 3:30,GV0.0,1016,,,,,,,,,,,,,,,,,,,,,,,,,,,,,,,,,,,,,,,,,,
1,373,6,249,2MWD,0.880555556,5/5/2020 3:30,GV1.0,0,,,,,,,,,0,,,,,,,,,,,,,,,,,,,,,,,,,,,0,0,,,,,
1,373,6,249,2MWD,0.880555556,5/5/2020 3:30,GV2.0,509,,,,,,,,,,,,,,,,,,,,,,,,,,,89.6,,,,,,,,,,,,,,,
1,403,6,255,2MWD,0.888888889,5/5/2020 3:31,GV0.2,2048,,,,,,,,,,,,,,,,,0,,0,,,,,,,,,,,,,,,,,,,,,,,
1,403,6,255,2MWD,0.888888889,5/5/2020 3:31,GV1.1,1024,,,,,,,,1500,,0,,,,,,,,,,,,,,,,,,,,,,,,,,,,,,,,
1,403,6,255,2MWD,0.888888889,5/5/2020 3:31,GV2.2,2513,,,,,,,,,,,,,,,,,,,,,,,,,,,,,,163.2,,,,,,,,,,,,
1,436,6,260,2MWD,0.898055556,5/5/2020 3:31,GV0.0,1016,,,,,,,,,,,,,,,,,,,,,,,,,,,,,,,,,,,,,,,,,,
1,436,6,260,2MWD,0.898055556,5/5/2020 3:31,GV1.0,0,,,,,,,,,0,,,,,,,,,,,,,,,,,,,,,,,,,,,0,0,,,,,
1,436,6,260,2MWD,0.898055556,5/5/2020 3:31,GV2.0,509,,,,,,,,,,,,,,,,,,,,,,,,,,,89.6,,,,,,,,,,,,,,,
1,465,6,266,2MWD,0.906111111,5/5/2020 3:32,GV0.2,2048,,,,,,,,,,,,,,,,,0,,0,,,,,,,,,,,,,,,,,,,,,,,
1,465,6,266,2MWD,0.906111111,5/5/2020 3:32,GV1.1,1024,,,,,,,,1500,,0,,,,,,,,,,,,,,,,,,,,,,,,,,,,,,,,
1,465,6,266,2MWD,0.906111111,5/5/2020 3:32,GV2.2,2455,,,,,,,,,,,,,,,,,,,,,,,,,,,,,,142.8,,,,,,,,,,,,
1,496,6,270,2MWD,0.914722222,5/5/2020 3:32,GV0.0,1016,,,,,,,,,,,,,,,,,,,,,,,,,,,,,,,,,,,,,,,,,,
1,496,6,270,2MWD,0.914722222,5/5/2020 3:32,GV1.0,0,,,,,,,,,0,,,,,,,,,,,,,,,,,,,,,,,,,,,0,0,,,,,
1,496,6,270,2MWD,0.914722222,5/5/2020 3:32,GV2.0,509,,,,,,,,,,,,,,,,,,,,,,,,,,,89.6,,,,,,,,,,,,,,,
1,527,6,276,2MWD,0.923333333,5/5/2020 3:33,GV0.2,2048,,,,,,,,,,,,,,,,,0,,0,,,,,,,,,,,,,,,,,,,,,,,
1,527,6,276,2MWD,0.923333333,5/5/2020 3:33,GV1.1,1024,,,,,,,,1500,,0,,,,,,,,,,,,,,,,,,,,,,,,,,,,,,,,
1,527,6,276,2MWD,0.923333333,5/5/2020 3:33,GV2.2,2455,,,,,,,,,,,,,,,,,,,,,,,,,,,,,,142.8,,,,,,,,,,,,
1,558,6,281,2MWD,0.931944444,5/5/2020 3:33,GV0.0,1016,,,,,,,,,,,,,,,,,,,,,,,,,,,,,,,,,,,,,,,,,,
1,558,6,281,2MWD,0.931944444,5/5/2020 3:33,GV1.0,0,,,,,,,,,0,,,,,,,,,,,,,,,,,,,,,,,,,,,0,0,,,,,
1,558,6,281,2MWD,0.931944444,5/5/2020 3:33,GV2.0,509,,,,,,,,,,,,,,,,,,,,,,,,,,,89.6,,,,,,,,,,,,,,,
1,589,6,288,2MWD,0.940555556,5/5/2020 3:34,GV0.2,2048,,,,,,,,,,,,,,,,,0,,0,,,,,,,,,,,,,,,,,,,,,,,
1,589,6,288,2MWD,0.940555556,5/5/2020 3:34,GV1.1,1024,,,,,,,,1500,,0,,,,,,,,,,,,,,,,,,,,,,,,,,,,,,,,
1,589,6,288,2MWD,0.940555556,5/5/2020 3:34,GV2.2,2455,,,,,,,,,,,,,,,,,,,,,,,,,,,,,,142.8,,,,,,,,,,,,
1,620,6,292,2MWD,0.949166667,5/5/2020 3:34,GV0.0,1016,,,,,,,,,,,,,,,,,,,,,,,,,,,,,,,,,,,,,,,,,,
1,620,6,292,2MWD,0.949166667,5/5/2020 3:34,GV1.0,0,,,,,,,,,0,,,,,,,,,,,,,,,,,,,,,,,,,,,0,0,,,,,
1,620,6,292,2MWD,0.949166667,5/5/2020 3:34,GV2.0,509,,,,,,,,,,,,,,,,,,,,,,,,,,,89.6,,,,,,,,,,,,,,,
1,651,6,298,2MWD,0.957777778,5/5/2020 3:35,GV0.2,2048,,,,,,,,,,,,,,,,,0,,0,,,,,,,,,,,,,,,,,,,,,,,
1,651,6,298,2MWD,0.957777778,5/5/2020 3:35,GV1.1,1024,,,,,,,,1500,,0,,,,,,,,,,,,,,,,,,,,,,,,,,,,,,,,
1,651,6,298,2MWD,0.957777778,5/5/2020 3:35,GV2.2,2455,,,,,,,,,,,,,,,,,,,,,,,,,,,,,,142.8,,,,,,,,,,,,
1,683,6,303,2MWD,0.966666667,5/5/2020 3:35,GV0.0,1016,,,,,,,,,,,,,,,,,,,,,,,,,,,,,,,,,,,,,,,,,,
1,683,6,303,2MWD,0.966666667,5/5/2020 3:35,GV1.0,0,,,,,,,,,0,,,,,,,,,,,,,,,,,,,,,,,,,,,0,0,,,,,
1,683,6,303,2MWD,0.966666667,5/5/2020 3:35,GV2.0,509,,,,,,,,,,,,,,,,,,,,,,,,,,,89.6,,,,,,,,,,,,,,,
1,713,6,309,2MWD,0.975,5/5/2020 3:36,GV0.2,2048,,,,,,,,,,,,,,,,,0,,0,,,,,,,,,,,,,,,,,,,,,,,
1,713,6,309,2MWD,0.975,5/5/2020 3:36,GV1.1,1024,,,,,,,,1500,,0,,,,,,,,,,,,,,,,,,,,,,,,,,,,,,,,
1,713,6,309,2MWD,0.975,5/5/2020 3:36,GV2.2,2455,,,,,,,,,,,,,,,,,,,,,,,,,,,,,,142.8,,,,,,,,,,,,
1,744,6,314,2MWD,0.983611111,5/5/2020 3:36,GV0.0,1016,,,,,,,,,,,,,,,,,,,,,,,,,,,,,,,,,,,,,,,,,,
1,744,6,314,2MWD,0.983611111,5/5/2020 3:36,GV1.0,0,,,,,,,,,0,,,,,,,,,,,,,,,,,,,,,,,,,,,0,0,,,,,
1,744,6,314,2MWD,0.983611111,5/5/2020 3:36,GV2.0,509,,,,,,,,,,,,,,,,,,,,,,,,,,,89.6,,,,,,,,,,,,,,,
1,775,6,319,2MWD,0.992222222,5/5/2020 3:37,GV0.2,2048,,,,,,,,,,,,,,,,,0,,0,,,,,,,,,,,,,,,,,,,,,,,
1,775,6,319,2MWD,0.992222222,5/5/2020 3:37,GV1.1,1024,,,,,,,,1500,,0,,,,,,,,,,,,,,,,,,,,,,,,,,,,,,,,
1,775,6,319,2MWD,0.992222222,5/5/2020 3:37,GV2.2,2455,,,,,,,,,,,,,,,,,,,,,,,,,,,,,,142.8,,,,,,,,,,,,
1,806,6,325,2MWD,1.000833333,5/5/2020 3:37,GV0.0,1016,,,,,,,,,,,,,,,,,,,,,,,,,,,,,,,,,,,,,,,,,,
1,806,6,325,2MWD,1.000833333,5/5/2020 3:37,GV1.0,0,,,,,,,,,0,,,,,,,,,,,,,,,,,,,,,,,,,,,0,0,,,,,
1,806,6,325,2MWD,1.000833333,5/5/2020 3:37,GV2.0,509,,,,,,,,,,,,,,,,,,,,,,,,,,,89.6,,,,,,,,,,,,,,,
1,837,6,331,2MWD,1.009444444,5/5/2020 3:38,GV0.2,2048,,,,,,,,,,,,,,,,,0,,0,,,,,,,,,,,,,,,,,,,,,,,
1,837,6,331,2MWD,1.009444444,5/5/2020 3:38,GV1.1,1024,,,,,,,,1500,,0,,,,,,,,,,,,,,,,,,,,,,,,,,,,,,,,
1,837,6,331,2MWD,1.009444444,5/5/2020 3:38,GV2.2,2455,,,,,,,,,,,,,,,,,,,,,,,,,,,,,,142.8,,,,,,,,,,,,
1,868,6,336,2MWD,1.018055556,5/5/2020 3:38,GV0.0,1016,,,,,,,,,,,,,,,,,,,,,,,,,,,,,,,,,,,,,,,,,,
1,868,6,336,2MWD,1.018055556,5/5/2020 3:38,GV1.0,0,,,,,,,,,0,,,,,,,,,,,,,,,,,,,,,,,,,,,0,0,,,,,
1,868,6,336,2MWD,1.018055556,5/5/2020 3:38,GV2.0,509,,,,,,,,,,,,,,,,,,,,,,,,,,,89.6,,,,,,,,,,,,,,,
1,899,6,341,2MWD,1.026666667,5/5/2020 3:39,GV0.2,2048,,,,,,,,,,,,,,,,,0,,0,,,,,,,,,,,,,,,,,,,,,,,
1,899,6,341,2MWD,1.026666667,5/5/2020 3:39,GV1.1,1024,,,,,,,,1500,,0,,,,,,,,,,,,,,,,,,,,,,,,,,,,,,,,
1,899,6,341,2MWD,1.026666667,5/5/2020 3:39,GV2.2,2455,,,,,,,,,,,,,,,,,,,,,,,,,,,,,,142.8,,,,,,,,,,,,
1,930,6,347,2MWD,1.035277778,5/5/2020 3:40,GV0.0,1016,,,,,,,,,,,,,,,,,,,,,,,,,,,,,,,,,,,,,,,,,,
1,930,6,347,2MWD,1.035277778,5/5/2020 3:40,GV1.0,0,,,,,,,,,0,,,,,,,,,,,,,,,,,,,,,,,,,,,0,0,,,,,
1,930,6,347,2MWD,1.035277778,5/5/2020 3:40,GV2.0,509,,,,,,,,,,,,,,,,,,,,,,,,,,,89.6,,,,,,,,,,,,,,,
1,961,6,353,2MWD,1.043888889,5/5/2020 3:40,GV0.2,2048,,,,,,,,,,,,,,,,,0,,0,,,,,,,,,,,,,,,,,,,,,,,
1,961,6,353,2MWD,1.043888889,5/5/2020 3:40,GV1.1,1024,,,,,,,,1500,,0,,,,,,,,,,,,,,,,,,,,,,,,,,,,,,,,
1,961,6,353,2MWD,1.043888889,5/5/2020 3:40,GV2.2,2455,,,,,,,,,,,,,,,,,,,,,,,,,,,,,,142.8,,,,,,,,,,,,
1,993,6,358,2MWD,1.052777778,5/5/2020 3:41,GV0.0,1016,,,,,,,,,,,,,,,,,,,,,,,,,,,,,,,,,,,,,,,,,,
1,993,6,358,2MWD,1.052777778,5/5/2020 3:41,GV1.0,0,,,,,,,,,0,,,,,,,,,,,,,,,,,,,,,,,,,,,0,0,,,,,
1,993,6,358,2MWD,1.052777778,5/5/2020 3:41,GV2.0,509,,,,,,,,,,,,,,,,,,,,,,,,,,,89.6,,,,,,,,,,,,,,,
1,1023,6,364,2MWD,1.061111111,5/5/2020 3:41,GV0.2,2048,,,,,,,,,,,,,,,,,0,,0,,,,,,,,,,,,,,,,,,,,,,,
1,1023,6,364,2MWD,1.061111111,5/5/2020 3:41,GV1.1,1024,,,,,,,,1500,,0,,,,,,,,,,,,,,,,,,,,,,,,,,,,,,,,
1,1023,6,364,2MWD,1.061111111,5/5/2020 3:41,GV2.2,2455,,,,,,,,,,,,,,,,,,,,,,,,,,,,,,142.8,,,,,,,,,,,,
1,1054,6,369,2MWD,1.069722222,5/5/2020 3:42,GV0.0,1016,,,,,,,,,,,,,,,,,,,,,,,,,,,,,,,,,,,,,,,,,,
1,1054,6,369,2MWD,1.069722222,5/5/2020 3:42,GV1.0,0,,,,,,,,,0,,,,,,,,,,,,,,,,,,,,,,,,,,,0,0,,,,,
1,1054,6,369,2MWD,1.069722222,5/5/2020 3:42,GV2.0,509,,,,,,,,,,,,,,,,,,,,,,,,,,,89.6,,,,,,,,,,,,,,,
1,1085,6,376,2MWD,1.078333333,5/5/2020 3:42,GV0.2,2048,,,,,,,,,,,,,,,,,0,,0,,,,,,,,,,,,,,,,,,,,,,,
1,1085,6,376,2MWD,1.078333333,5/5/2020 3:42,GV1.1,1024,,,,,,,,1500,,0,,,,,,,,,,,,,,,,,,,,,,,,,,,,,,,,
1,1085,6,376,2MWD,1.078333333,5/5/2020 3:42,GV2.2,2455,,,,,,,,,,,,,,,,,,,,,,,,,,,,,,142.8,,,,,,,,,,,,
1,1116,6,380,2MWD,1.086944444,5/5/2020 3:43,GV0.0,1016,,,,,,,,,,,,,,,,,,,,,,,,,,,,,,,,,,,,,,,,,,
1,1116,6,380,2MWD,1.086944444,5/5/2020 3:43,GV1.0,0,,,,,,,,,0,,,,,,,,,,,,,,,,,,,,,,,,,,,0,0,,,,,
1,1116,6,380,2MWD,1.086944444,5/5/2020 3:43,GV2.0,509,,,,,,,,,,,,,,,,,,,,,,,,,,,89.6,,,,,,,,,,,,,,,
1,1147,6,386,2MWD,1.095555556,5/5/2020 3:43,GV0.2,2048,,,,,,,,,,,,,,,,,0,,0,,,,,,,,,,,,,,,,,,,,,,,
1,1147,6,386,2MWD,1.095555556,5/5/2020 3:43,GV1.1,1024,,,,,,,,1500,,0,,,,,,,,,,,,,,,,,,,,,,,,,,,,,,,,
1,1147,6,386,2MWD,1.095555556,5/5/2020 3:43,GV2.2,2455,,,,,,,,,,,,,,,,,,,,,,,,,,,,,,142.8,,,,,,,,,,,,
1,1178,6,391,2MWD,1.104166667,5/5/2020 3:44,GV0.0,1016,,,,,,,,,,,,,,,,,,,,,,,,,,,,,,,,,,,,,,,,,,
1,1178,6,391,2MWD,1.104166667,5/5/2020 3:44,GV1.0,0,,,,,,,,,0,,,,,,,,,,,,,,,,,,,,,,,,,,,0,0,,,,,
1,1178,6,391,2MWD,1.104166667,5/5/2020 3:44,GV2.0,509,,,,,,,,,,,,,,,,,,,,,,,,,,,89.6,,,,,,,,,,,,,,,
1,1209,6,398,2MWD,1.112777778,5/5/2020 3:44,GV0.2,2048,,,,,,,,,,,,,,,,,0,,0,,,,,,,,,,,,,,,,,,,,,,,
1,1209,6,398,2MWD,1.112777778,5/5/2020 3:44,GV1.1,1024,,,,,,,,1500,,0,,,,,,,,,,,,,,,,,,,,,,,,,,,,,,,,
1,1209,6,398,2MWD,1.112777778,5/5/2020 3:44,GV2.2,2455,,,,,,,,,,,,,,,,,,,,,,,,,,,,,,142.8,,,,,,,,,,,,
1,1240,6,402,2MWD,1.121388889,5/5/2020 3:45,GV0.0,1016,,,,,,,,,,,,,,,,,,,,,,,,,,,,,,,,,,,,,,,,,,
1,1240,6,402,2MWD,1.121388889,5/5/2020 3:45,GV1.0,0,,,,,,,,,0,,,,,,,,,,,,,,,,,,,,,,,,,,,0,0,,,,,
1,1240,6,402,2MWD,1.121388889,5/5/2020 3:45,GV2.0,509,,,,,,,,,,,,,,,,,,,,,,,,,,,89.6,,,,,,,,,,,,,,,
1,1271,6,408,2MWD,1.13,5/5/2020 3:45,GV0.2,2048,,,,,,,,,,,,,,,,,0,,0,,,,,,,,,,,,,,,,,,,,,,,
1,1271,6,408,2MWD,1.13,5/5/2020 3:45,GV1.1,1024,,,,,,,,1500,,0,,,,,,,,,,,,,,,,,,,,,,,,,,,,,,,,
1,1271,6,408,2MWD,1.13,5/5/2020 3:45,GV2.2,2455,,,,,,,,,,,,,,,,,,,,,,,,,,,,,,142.8,,,,,,,,,,,,
1,1303,6,413,2MWD,1.138888889,5/5/2020 3:46,GV0.0,1016,,,,,,,,,,,,,,,,,,,,,,,,,,,,,,,,,,,,,,,,,,
1,1303,6,413,2MWD,1.138888889,5/5/2020 3:46,GV1.0,0,,,,,,,,,0,,,,,,,,,,,,,,,,,,,,,,,,,,,0,0,,,,,
1,1303,6,413,2MWD,1.138888889,5/5/2020 3:46,GV2.0,509,,,,,,,,,,,,,,,,,,,,,,,,,,,89.6,,,,,,,,,,,,,,,
1,1333,6,419,2MWD,1.147222222,5/5/2020 3:46,GV0.2,2048,,,,,,,,,,,,,,,,,0,,0,,,,,,,,,,,,,,,,,,,,,,,
1,1333,6,419,2MWD,1.147222222,5/5/2020 3:46,GV1.1,1024,,,,,,,,1500,,0,,,,,,,,,,,,,,,,,,,,,,,,,,,,,,,,
1,1333,6,419,2MWD,1.147222222,5/5/2020 3:46,GV2.2,2455,,,,,,,,,,,,,,,,,,,,,,,,,,,,,,142.8,,,,,,,,,,,,
1,1364,6,424,2MWD,1.155833333,5/5/2020 3:47,GV0.0,1016,,,,,,,,,,,,,,,,,,,,,,,,,,,,,,,,,,,,,,,,,,
1,1364,6,424,2MWD,1.155833333,5/5/2020 3:47,GV1.0,0,,,,,,,,,0,,,,,,,,,,,,,,,,,,,,,,,,,,,0,0,,,,,
1,1364,6,424,2MWD,1.155833333,5/5/2020 3:47,GV2.0,509,,,,,,,,,,,,,,,,,,,,,,,,,,,89.6,,,,,,,,,,,,,,,
1,1395,6,429,2MWD,1.164444444,5/5/2020 3:47,GV0.2,2048,,,,,,,,,,,,,,,,,0,,0,,,,,,,,,,,,,,,,,,,,,,,
1,1395,6,429,2MWD,1.164444444,5/5/2020 3:47,GV1.1,1024,,,,,,,,1500,,0,,,,,,,,,,,,,,,,,,,,,,,,,,,,,,,,
1,1395,6,429,2MWD,1.164444444,5/5/2020 3:47,GV2.2,2455,,,,,,,,,,,,,,,,,,,,,,,,,,,,,,142.8,,,,,,,,,,,,
1,1426,6,435,2MWD,1.173055556,5/5/2020 3:48,GV0.0,1016,,,,,,,,,,,,,,,,,,,,,,,,,,,,,,,,,,,,,,,,,,
1,1426,6,435,2MWD,1.173055556,5/5/2020 3:48,GV1.0,0,,,,,,,,,0,,,,,,,,,,,,,,,,,,,,,,,,,,,0,0,,,,,
1,1426,6,435,2MWD,1.173055556,5/5/2020 3:48,GV2.0,509,,,,,,,,,,,,,,,,,,,,,,,,,,,89.6,,,,,,,,,,,,,,,
1,1457,6,441,2MWD,1.181666667,5/5/2020 3:48,GV0.2,2048,,,,,,,,,,,,,,,,,0,,0,,,,,,,,,,,,,,,,,,,,,,,
1,1457,6,441,2MWD,1.181666667,5/5/2020 3:48,GV1.1,1024,,,,,,,,1500,,0,,,,,,,,,,,,,,,,,,,,,,,,,,,,,,,,
1,1457,6,441,2MWD,1.181666667,5/5/2020 3:48,GV2.2,2455,,,,,,,,,,,,,,,,,,,,,,,,,,,,,,142.8,,,,,,,,,,,,
1,1488,6,446,2MWD,1.190277778,5/5/2020 3:49,GV0.0,1016,,,,,,,,,,,,,,,,,,,,,,,,,,,,,,,,,,,,,,,,,,
1,1488,6,446,2MWD,1.190277778,5/5/2020 3:49,GV1.0,0,,,,,,,,,0,,,,,,,,,,,,,,,,,,,,,,,,,,,0,0,,,,,
1,1488,6,446,2MWD,1.190277778,5/5/2020 3:49,GV2.0,509,,,,,,,,,,,,,,,,,,,,,,,,,,,89.6,,,,,,,,,,,,,,,
1,1519,6,451,2MWD,1.198888889,5/5/2020 3:49,GV0.2,2048,,,,,,,,,,,,,,,,,0,,0,,,,,,,,,,,,,,,,,,,,,,,
1,1519,6,451,2MWD,1.198888889,5/5/2020 3:49,GV1.1,1024,,,,,,,,1500,,0,,,,,,,,,,,,,,,,,,,,,,,,,,,,,,,,
1,1519,6,451,2MWD,1.198888889,5/5/2020 3:49,GV2.2,2454,,,,,,,,,,,,,,,,,,,,,,,,,,,,,,142.5,,,,,,,,,,,,
1,1550,6,457,2MWD,1.2075,5/5/2020 3:50,GV0.0,1016,,,,,,,,,,,,,,,,,,,,,,,,,,,,,,,,,,,,,,,,,,
1,1550,6,457,2MWD,1.2075,5/5/2020 3:50,GV1.0,0,,,,,,,,,0,,,,,,,,,,,,,,,,,,,,,,,,,,,0,0,,,,,
1,1550,6,457,2MWD,1.2075,5/5/2020 3:50,GV2.0,509,,,,,,,,,,,,,,,,,,,,,,,,,,,89.6,,,,,,,,,,,,,,,
1,550,7,462,2MWD,1.2075,,GV0,2570,,,,,,,,,,,,,,,,,,,,,,,,,,,,,,,,,,,,,,,,,,
1,550,7,462,2MWD,1.2075,,GV1,2570,,,,,,,,,,,,,,,,,,,,,,,,,,,,,,,,,,,,,,,,,,
1,550,7,462,2MWD,1.2075,,GV2,2570,,,,,,,,,,,,,,,,,,,,,,,,,,,,,,,,,,,,,,,,,,
1,465,12,468,2MWD,1.2075,7/15/2020 2:49,GV0.1,1024,0,0,0,0,0,0,0,,,,,,,,,,,0,,,,,,,0,,,,,,,,,,0,,,,,,,
1,465,12,468,2MWD,1.2075,7/15/2020 2:49,GV1.2,2274,,,,,,,,,,,,,,,,,,,,,,,,,,,,,,,,,,,,,,,,1.75,2,
1,465,12,468,2MWD,1.2075,7/15/2020 2:49,GV2.1,1054,,,,,,,,,,,,,,,,,,,,,,,,0,,,,,,,,,,0,,,,,,,,120
1,496,12,468,2MWD,1.216111111,7/15/2020 2:50,GV0.3,3265,,,,,,,,,,,,,1,,,,,,,,,,240,,,,,,,,,,1,,,,,,,,,
1,496,12,468,2MWD,1.216111111,7/15/2020 2:50,GV1.3,3324,,,,,,,,,,,,,,0,356,,,,,,,,,,,,,,,,,,,,,,,,,,,
1,496,12,468,2MWD,1.216111111,7/15/2020 2:50,GV2.3,3392,,,,,,,,,,,,,,,,50,,,,,,,,,,,,,,,,,,,,,,60,,,,
1,527,12,468,2MWD,1.224722222,7/15/2020 2:50,GV0.3,3265,,,,,,,,,,,,,1,,,,,,,,,,240,,,,,,,,,,1,,,,,,,,,
1,527,12,468,2MWD,1.224722222,7/15/2020 2:50,GV1.3,3324,,,,,,,,,,,,,,0,356,,,,,,,,,,,,,,,,,,,,,,,,,,,
1,527,12,468,2MWD,1.224722222,7/15/2020 2:50,GV2.3,3392,,,,,,,,,,,,,,,,50,,,,,,,,,,,,,,,,,,,,,,60,,,,
0,555,12,468,RTClk,1.2325,7/15/2020 2:51,,7/15/2020 2:51,,,,,,,,,,,,,,,,,,,,,,,,,,,,,,,,,,,,,,,,,,
1,558,12,468,2MWD,1.233333333,7/15/2020 2:51,GV0.3,3265,,,,,,,,,,,,,1,,,,,,,,,,240,,,,,,,,,,1,,,,,,,,,
1,558,12,468,2MWD,1.233333333,7/15/2020 2:51,GV1.3,3324,,,,,,,,,,,,,,0,356,,,,,,,,,,,,,,,,,,,,,,,,,,,
1,558,12,468,2MWD,1.233333333,7/15/2020 2:51,GV2.3,3392,,,,,,,,,,,,,,,,50,,,,,,,,,,,,,,,,,,,,,,60,,,,
1,590,12,468,2MWD,1.242222222,7/15/2020 2:51,GV0.3,3265,,,,,,,,,,,,,1,,,,,,,,,,240,,,,,,,,,,1,,,,,,,,,
1,590,12,468,2MWD,1.242222222,7/15/2020 2:51,GV1.3,3324,,,,,,,,,,,,,,0,356,,,,,,,,,,,,,,,,,,,,,,,,,,,
1,590,12,468,2MWD,1.242222222,7/15/2020 2:51,GV2.3,3392,,,,,,,,,,,,,,,,50,,,,,,,,,,,,,,,,,,,,,,60,,,,
1,620,12,468,2MWD,1.250555556,7/15/2020 2:52,GV0.3,3265,,,,,,,,,,,,,1,,,,,,,,,,240,,,,,,,,,,1,,,,,,,,,
1,620,12,468,2MWD,1.250555556,7/15/2020 2:52,GV1.3,3324,,,,,,,,,,,,,,0,356,,,,,,,,,,,,,,,,,,,,,,,,,,,
1,620,12,468,2MWD,1.250555556,7/15/2020 2:52,GV2.3,3392,,,,,,,,,,,,,,,,50,,,,,,,,,,,,,,,,,,,,,,60,,,,
1,651,12,468,2MWD,1.259166667,7/15/2020 2:52,GV0.3,3265,,,,,,,,,,,,,1,,,,,,,,,,240,,,,,,,,,,1,,,,,,,,,
1,651,12,468,2MWD,1.259166667,7/15/2020 2:52,GV1.3,3324,,,,,,,,,,,,,,0,356,,,,,,,,,,,,,,,,,,,,,,,,,,,
1,652,12,468,2MWD,1.259444444,7/15/2020 2:52,GV2.3,3392,,,,,,,,,,,,,,,,50,,,,,,,,,,,,,,,,,,,,,,60,,,,
1,682,12,468,2MWD,1.267777778,7/15/2020 2:53,GV0.3,3265,,,,,,,,,,,,,1,,,,,,,,,,240,,,,,,,,,,1,,,,,,,,,
1,682,12,468,2MWD,1.267777778,7/15/2020 2:53,GV1.3,3324,,,,,,,,,,,,,,0,356,,,,,,,,,,,,,,,,,,,,,,,,,,,
1,682,12,468,2MWD,1.267777778,7/15/2020 2:53,GV2.3,3392,,,,,,,,,,,,,,,,50,,,,,,,,,,,,,,,,,,,,,,60,,,,
1,713,12,468,2MWD,1.276388889,7/15/2020 2:53,GV0.3,3265,,,,,,,,,,,,,1,,,,,,,,,,240,,,,,,,,,,1,,,,,,,,,
1,713,12,468,2MWD,1.276388889,7/15/2020 2:53,GV1.3,3324,,,,,,,,,,,,,,0,356,,,,,,,,,,,,,,,,,,,,,,,,,,,
1,713,12,468,2MWD,1.276388889,7/15/2020 2:53,GV2.3,3392,,,,,,,,,,,,,,,,50,,,,,,,,,,,,,,,,,,,,,,60,,,,
1,744,12,468,2MWD,1.285,7/15/2020 2:54,GV0.3,3265,,,,,,,,,,,,,1,,,,,,,,,,240,,,,,,,,,,1,,,,,,,,,
1,744,12,468,2MWD,1.285,7/15/2020 2:54,GV1.3,3324,,,,,,,,,,,,,,0,356,,,,,,,,,,,,,,,,,,,,,,,,,,,
1,744,12,468,2MWD,1.285,7/15/2020 2:54,GV2.3,3392,,,,,,,,,,,,,,,,50,,,,,,,,,,,,,,,,,,,,,,60,,,,
1,775,12,468,2MWD,1.293611111,7/15/2020 2:54,GV0.3,3265,,,,,,,,,,,,,1,,,,,,,,,,240,,,,,,,,,,1,,,,,,,,,
1,775,12,468,2MWD,1.293611111,7/15/2020 2:54,GV1.3,3324,,,,,,,,,,,,,,0,356,,,,,,,,,,,,,,,,,,,,,,,,,,,
1,775,12,468,2MWD,1.293611111,7/15/2020 2:54,GV2.3,3392,,,,,,,,,,,,,,,,50,,,,,,,,,,,,,,,,,,,,,,60,,,,
1,806,12,468,2MWD,1.302222222,7/15/2020 2:55,GV0.1,1024,0,0,0,0,0,0,0,,,,,,,,,,,0,,,,,,,0,,,,,,,,,,0,,,,,,,
1,806,12,468,2MWD,1.302222222,7/15/2020 2:55,GV1.2,2274,,,,,,,,,,,,,,,,,,,,,,,,,,,,,,,,,,,,,,,,1.75,2,
1,806,12,468,2MWD,1.302222222,7/15/2020 2:55,GV2.1,1054,,,,,,,,,,,,,,,,,,,,,,,,0,,,,,,,,,,0,,,,,,,,120
1,837,12,468,2MWD,1.310833333,7/15/2020 2:55,GV0.1,1024,0,0,0,0,0,0,0,,,,,,,,,,,0,,,,,,,0,,,,,,,,,,0,,,,,,,
1,837,12,468,2MWD,1.310833333,7/15/2020 2:55,GV1.2,2274,,,,,,,,,,,,,,,,,,,,,,,,,,,,,,,,,,,,,,,,1.75,2,
1,837,12,468,2MWD,1.310833333,7/15/2020 2:55,GV2.1,1054,,,,,,,,,,,,,,,,,,,,,,,,0,,,,,,,,,,0,,,,,,,,120
1,868,12,468,2MWD,1.319444444,7/15/2020 2:56,GV0.1,1024,0,0,0,0,0,0,0,,,,,,,,,,,0,,,,,,,0,,,,,,,,,,0,,,,,,,
1,868,12,468,2MWD,1.319444444,7/15/2020 2:56,GV1.2,2274,,,,,,,,,,,,,,,,,,,,,,,,,,,,,,,,,,,,,,,,1.75,2,
1,868,12,468,2MWD,1.319444444,7/15/2020 2:56,GV2.1,1054,,,,,,,,,,,,,,,,,,,,,,,,0,,,,,,,,,,0,,,,,,,,120
1,900,12,468,2MWD,1.328333333,7/15/2020 2:56,GV0.1,1024,0,0,0,0,0,0,0,,,,,,,,,,,0,,,,,,,0,,,,,,,,,,0,,,,,,,
1,900,12,468,2MWD,1.328333333,7/15/2020 2:56,GV1.2,2274,,,,,,,,,,,,,,,,,,,,,,,,,,,,,,,,,,,,,,,,1.75,2,
1,900,12,468,2MWD,1.328333333,7/15/2020 2:56,GV2.1,1054,,,,,,,,,,,,,,,,,,,,,,,,0,,,,,,,,,,0,,,,,,,,120
1,930,12,468,2MWD,1.336666667,7/15/2020 2:57,GV0.1,1024,0,0,0,0,0,0,0,,,,,,,,,,,0,,,,,,,0,,,,,,,,,,0,,,,,,,
1,930,12,468,2MWD,1.336666667,7/15/2020 2:57,GV1.2,2274,,,,,,,,,,,,,,,,,,,,,,,,,,,,,,,,,,,,,,,,1.75,2,
1,930,12,468,2MWD,1.336666667,7/15/2020 2:57,GV2.1,1054,,,,,,,,,,,,,,,,,,,,,,,,0,,,,,,,,,,0,,,,,,,,120
1,961,12,468,2MWD,1.345277778,7/15/2020 2:57,GV0.1,1024,0,0,0,0,0,0,0,,,,,,,,,,,0,,,,,,,0,,,,,,,,,,0,,,,,,,
1,961,12,468,2MWD,1.345277778,7/15/2020 2:57,GV1.2,2274,,,,,,,,,,,,,,,,,,,,,,,,,,,,,,,,,,,,,,,,1.75,2,
1,961,12,468,2MWD,1.345277778,7/15/2020 2:57,GV2.1,1054,,,,,,,,,,,,,,,,,,,,,,,,0,,,,,,,,,,0,,,,,,,,120
1,992,12,468,2MWD,1.353888889,7/15/2020 2:58,GV0.1,1024,0,0,0,0,0,0,0,,,,,,,,,,,0,,,,,,,0,,,,,,,,,,0,,,,,,,
1,992,12,468,2MWD,1.353888889,7/15/2020 2:58,GV1.2,2274,,,,,,,,,,,,,,,,,,,,,,,,,,,,,,,,,,,,,,,,1.75,2,
1,992,12,468,2MWD,1.353888889,7/15/2020 2:58,GV2.1,1054,,,,,,,,,,,,,,,,,,,,,,,,0,,,,,,,,,,0,,,,,,,,120
1,1023,12,468,2MWD,1.3625,7/15/2020 2:58,GV0.1,1024,0,0,0,0,0,0,0,,,,,,,,,,,0,,,,,,,0,,,,,,,,,,0,,,,,,,
1,1023,12,468,2MWD,1.3625,7/15/2020 2:58,GV1.2,2274,,,,,,,,,,,,,,,,,,,,,,,,,,,,,,,,,,,,,,,,1.75,2,
1,1023,12,468,2MWD,1.3625,7/15/2020 2:58,GV2.1,1054,,,,,,,,,,,,,,,,,,,,,,,,0,,,,,,,,,,0,,,,,,,,120
1,1054,12,468,2MWD,1.371111111,7/15/2020 2:59,GV0.3,3266,,,,,,,,,,,,,1,,,,,,,,,,240,,,,,,,,,,2,,,,,,,,,
1,1054,12,468,2MWD,1.371111111,7/15/2020 2:59,GV1.3,3324,,,,,,,,,,,,,,0,356,,,,,,,,,,,,,,,,,,,,,,,,,,,
1,1054,12,468,2MWD,1.371111111,7/15/2020 2:59,GV2.3,3584,,,,,,,,,,,,,,,,80,,,,,,,,,,,,,,,,,,,,,,60,,,,
1,1085,12,468,2MWD,1.379722222,7/15/2020 2:59,GV0.3,3238,,,,,,,,,,,,,1,,,,,,,,,,100,,,,,,,,,,2,,,,,,,,,
1,1085,12,468,2MWD,1.379722222,7/15/2020 2:59,GV1.3,3324,,,,,,,,,,,,,,0,356,,,,,,,,,,,,,,,,,,,,,,,,,,,
1,1085,12,468,2MWD,1.379722222,7/15/2020 2:59,GV2.3,3584,,,,,,,,,,,,,,,,80,,,,,,,,,,,,,,,,,,,,,,60,,,,
1,1116,12,468,2MWD,1.388333333,7/15/2020 3:00,GV0.3,3238,,,,,,,,,,,,,1,,,,,,,,,,100,,,,,,,,,,2,,,,,,,,,
1,1116,12,468,2MWD,1.388333333,7/15/2020 3:00,GV1.3,3324,,,,,,,,,,,,,,0,356,,,,,,,,,,,,,,,,,,,,,,,,,,,
1,1116,12,468,2MWD,1.388333333,7/15/2020 3:00,GV2.3,3584,,,,,,,,,,,,,,,,80,,,,,,,,,,,,,,,,,,,,,,60,,,,
1,1147,12,468,2MWD,1.396944444,7/15/2020 3:00,GV0.3,3238,,,,,,,,,,,,,1,,,,,,,,,,100,,,,,,,,,,2,,,,,,,,,
1,1147,12,468,2MWD,1.396944444,7/15/2020 3:00,GV1.3,3324,,,,,,,,,,,,,,0,356,,,,,,,,,,,,,,,,,,,,,,,,,,,
1,1147,12,468,2MWD,1.396944444,7/15/2020 3:00,GV2.3,3584,,,,,,,,,,,,,,,,80,,,,,,,,,,,,,,,,,,,,,,60,,,,
1,1178,12,468,2MWD,1.405555556,7/15/2020 3:01,GV0.3,3238,,,,,,,,,,,,,1,,,,,,,,,,100,,,,,,,,,,2,,,,,,,,,
1,1178,12,468,2MWD,1.405555556,7/15/2020 3:01,GV1.3,3324,,,,,,,,,,,,,,0,356,,,,,,,,,,,,,,,,,,,,,,,,,,,
1,1178,12,468,2MWD,1.405555556,7/15/2020 3:01,GV2.3,3584,,,,,,,,,,,,,,,,80,,,,,,,,,,,,,,,,,,,,,,60,,,,
1,1209,12,468,2MWD,1.414166667,7/15/2020 3:01,GV0.3,3238,,,,,,,,,,,,,1,,,,,,,,,,100,,,,,,,,,,2,,,,,,,,,
1,1209,12,468,2MWD,1.414166667,7/15/2020 3:01,GV1.3,3324,,,,,,,,,,,,,,0,356,,,,,,,,,,,,,,,,,,,,,,,,,,,
1,1209,12,468,2MWD,1.414166667,7/15/2020 3:01,GV2.3,3584,,,,,,,,,,,,,,,,80,,,,,,,,,,,,,,,,,,,,,,60,,,,
1,1240,12,468,2MWD,1.422777778,7/15/2020 3:02,GV0.3,3238,,,,,,,,,,,,,1,,,,,,,,,,100,,,,,,,,,,2,,,,,,,,,
1,1241,12,468,2MWD,1.423055556,7/15/2020 3:02,GV1.3,3324,,,,,,,,,,,,,,0,356,,,,,,,,,,,,,,,,,,,,,,,,,,,
1,1241,12,468,2MWD,1.423055556,7/15/2020 3:02,GV2.3,3584,,,,,,,,,,,,,,,,80,,,,,,,,,,,,,,,,,,,,,,60,,,,
1,1271,12,468,2MWD,1.431388889,7/15/2020 3:02,GV0.3,3239,,,,,,,,,,,,,1,,,,,,,,,,100,,,,,,,,,,3,,,,,,,,,
1,1272,12,468,2MWD,1.431666667,7/15/2020 3:03,GV1.3,3324,,,,,,,,,,,,,,0,356,,,,,,,,,,,,,,,,,,,,,,,,,,,
1,1272,12,468,2MWD,1.431666667,7/15/2020 3:03,GV2.3,3712,,,,,,,,,,,,,,,,100,,,,,,,,,,,,,,,,,,,,,,60,,,,
1,1302,12,468,2MWD,1.44,7/15/2020 3:03,GV0.3,3239,,,,,,,,,,,,,1,,,,,,,,,,100,,,,,,,,,,3,,,,,,,,,
1,1302,12,468,2MWD,1.44,7/15/2020 3:03,GV1.3,3324,,,,,,,,,,,,,,0,356,,,,,,,,,,,,,,,,,,,,,,,,,,,
1,1302,12,468,2MWD,1.44,7/15/2020 3:03,GV2.3,3712,,,,,,,,,,,,,,,,100,,,,,,,,,,,,,,,,,,,,,,60,,,,
1,1333,12,468,2MWD,1.448611111,7/15/2020 3:04,GV0.3,3239,,,,,,,,,,,,,1,,,,,,,,,,100,,,,,,,,,,3,,,,,,,,,
1,1333,12,468,2MWD,1.448611111,7/15/2020 3:04,GV1.3,3324,,,,,,,,,,,,,,0,356,,,,,,,,,,,,,,,,,,,,,,,,,,,
1,1333,12,468,2MWD,1.448611111,7/15/2020 3:04,GV2.3,3712,,,,,,,,,,,,,,,,100,,,,,,,,,,,,,,,,,,,,,,60,,,,
0,1335,12,468,RTClk,1.449166667,7/15/2020 3:04,,7/15/2020 3:04,,,,,,,,,,,,,,,,,,,,,,,,,,,,,,,,,,,,,,,,,,
1,1365,12,468,2MWD,1.4575,7/15/2020 3:04,GV0.3,3239,,,,,,,,,,,,,1,,,,,,,,,,100,,,,,,,,,,3,,,,,,,,,
1,1365,12,468,2MWD,1.4575,7/15/2020 3:04,GV1.3,3324,,,,,,,,,,,,,,0,356,,,,,,,,,,,,,,,,,,,,,,,,,,,
1,1365,12,468,2MWD,1.4575,7/15/2020 3:04,GV2.3,3712,,,,,,,,,,,,,,,,100,,,,,,,,,,,,,,,,,,,,,,60,,,,
1,1396,12,468,2MWD,1.466111111,7/15/2020 3:05,GV0.3,3239,,,,,,,,,,,,,1,,,,,,,,,,100,,,,,,,,,,3,,,,,,,,,
1,1396,12,468,2MWD,1.466111111,7/15/2020 3:05,GV1.3,3324,,,,,,,,,,,,,,0,356,,,,,,,,,,,,,,,,,,,,,,,,,,,
1,1396,12,468,2MWD,1.466111111,7/15/2020 3:05,GV2.3,3712,,,,,,,,,,,,,,,,100,,,,,,,,,,,,,,,,,,,,,,60,,,,
1,1426,12,468,2MWD,1.474444444,7/15/2020 3:05,GV0.3,3239,,,,,,,,,,,,,1,,,,,,,,,,100,,,,,,,,,,3,,,,,,,,,
1,1426,12,468,2MWD,1.474444444,7/15/2020 3:05,GV1.3,3324,,,,,,,,,,,,,,0,356,,,,,,,,,,,,,,,,,,,,,,,,,,,
1,1426,12,468,2MWD,1.474444444,7/15/2020 3:05,GV2.3,3712,,,,,,,,,,,,,,,,100,,,,,,,,,,,,,,,,,,,,,,60,,,,
1,1457,12,468,2MWD,1.483055556,7/15/2020 3:06,GV0.3,3239,,,,,,,,,,,,,1,,,,,,,,,,100,,,,,,,,,,3,,,,,,,,,
1,1457,12,468,2MWD,1.483055556,7/15/2020 3:06,GV1.3,3324,,,,,,,,,,,,,,0,356,,,,,,,,,,,,,,,,,,,,,,,,,,,
1,1457,12,468,2MWD,1.483055556,7/15/2020 3:06,GV2.3,3712,,,,,,,,,,,,,,,,100,,,,,,,,,,,,,,,,,,,,,,60,,,,
0,30,13,469,RTClk,1.483055556,,,0/0/200 0:0:40,,,,,,,,,,,,,,,,,,,,,,,,,,,,,,,,,,,,,,,,,,
1,32,13,469,2MWD,1.483611111,,GV0.3,3364,,,,,,,,,,,,,2,,,,,,,,,,100,,,,,,,,,,0,,,,,,,,,
1,32,13,469,2MWD,1.483611111,,GV1.3,3072,,,,,,,,,,,,,,0,0,,,,,,,,,,,,,,,,,,,,,,,,,,,
1,32,13,469,2MWD,1.483611111,,GV2.3,3072,,,,,,,,,,,,,,,,0,,,,,,,,,,,,,,,,,,,,,,60,,,,
1,63,13,469,2MWD,1.492222222,,GV0.1,1220,1,1,0,1,0,0,0,,,,,,,,,,,0,,,,,,,0,,,,,,,,,,0,,,,,,,
1,63,13,469,2MWD,1.492222222,,GV1.2,2048,,,,,,,,,,,,,,,,,,,,,,,,,,,,,,,,,,,,,,,,0,0,
1,63,13,469,2MWD,1.492222222,,GV2.1,1024,,,,,,,,,,,,,,,,,,,,,,,,0,,,,,,,,,,0,,,,,,,,0
0,70,13,469,RTClk,1.494166667,,,0/0/200 0:1:20,,,,,,,,,,,,,,,,,,,,,,,,,,,,,,,,,,,,,,,,,,
0,30,14,470,RTClk,1.494166667,,,0/0/200 0:0:40,,,,,,,,,,,,,,,,,,,,,,,,,,,,,,,,,,,,,,,,,,
1,32,14,470,2MWD,1.494722222,,GV0.3,3364,,,,,,,,,,,,,2,,,,,,,,,,100,,,,,,,,,,0,,,,,,,,,
1,32,14,470,2MWD,1.494722222,,GV1.3,3072,,,,,,,,,,,,,,0,0,,,,,,,,,,,,,,,,,,,,,,,,,,,
1,32,14,470,2MWD,1.494722222,,GV2.3,3072,,,,,,,,,,,,,,,,0,,,,,,,,,,,,,,,,,,,,,,60,,,,
1,63,14,470,2MWD,1.503333333,,GV0.1,1093,1,0,0,1,0,0,0,,,,,,,,,,,1,,,,,,,0,,,,,,,,,,0,,,,,,,
1,63,14,470,2MWD,1.503333333,,GV1.2,2048,,,,,,,,,,,,,,,,,,,,,,,,,,,,,,,,,,,,,,,,0,0,
1,63,14,470,2MWD,1.503333333,,GV2.1,1035,,,,,,,,,,,,,,,,,,,,,,,,0,,,,,,,,,,0,,,,,,,,44
0,70,14,470,RTClk,1.505277778,,,0/0/200 0:1:20,,,,,,,,,,,,,,,,,,,,,,,,,,,,,,,,,,,,,,,,,,
1,94,14,470,2MWD,1.511944444,,GV0.3,3364,,,,,,,,,,,,,2,,,,,,,,,,100,,,,,,,,,,0,,,,,,,,,
1,94,14,470,2MWD,1.511944444,,GV1.3,3072,,,,,,,,,,,,,,0,0,,,,,,,,,,,,,,,,,,,,,,,,,,,
1,94,14,470,2MWD,1.511944444,,GV2.3,3072,,,,,,,,,,,,,,,,0,,,,,,,,,,,,,,,,,,,,,,60,,,,
0,110,14,470,RTClk,1.516388889,,,0/0/200 0:2:0,,,,,,,,,,,,,,,,,,,,,,,,,,,,,,,,,,,,,,,,,,
1,125,14,470,2MWD,1.520555556,,GV0.1,1109,1,0,0,1,0,0,0,,,,,,,,,,,1,,,,,,,0,,,,,,,,,,1,,,,,,,
1,125,14,470,2MWD,1.520555556,,GV1.2,2080,,,,,,,,,,,,,,,,,,,,,,,,,,,,,,,,,,,,,,,,0.25,0,
1,125,14,470,2MWD,1.520555556,,GV2.1,1035,,,,,,,,,,,,,,,,,,,,,,,,0,,,,,,,,,,0,,,,,,,,44
1,156,14,470,2MWD,1.529166667,,GV0.3,3364,,,,,,,,,,,,,2,,,,,,,,,,100,,,,,,,,,,0,,,,,,,,,
1,156,14,470,2MWD,1.529166667,,GV1.3,3072,,,,,,,,,,,,,,0,0,,,,,,,,,,,,,,,,,,,,,,,,,,,
1,156,14,470,2MWD,1.529166667,,GV2.3,3072,,,,,,,,,,,,,,,,0,,,,,,,,,,,,,,,,,,,,,,60,,,,
1,187,14,470,2MWD,1.537777778,,GV0.1,1109,1,0,0,1,0,0,0,,,,,,,,,,,1,,,,,,,0,,,,,,,,,,1,,,,,,,
1,187,14,470,2MWD,1.537777778,,GV1.2,2080,,,,,,,,,,,,,,,,,,,,,,,,,,,,,,,,,,,,,,,,0.25,0,
1,187,14,470,2MWD,1.537777778,,GV2.1,1035,,,,,,,,,,,,,,,,,,,,,,,,0,,,,,,,,,,0,,,,,,,,44
1,218,14,470,2MWD,1.546388889,,GV0.3,3364,,,,,,,,,,,,,2,,,,,,,,,,100,,,,,,,,,,0,,,,,,,,,
1,218,14,470,2MWD,1.546388889,,GV1.3,3072,,,,,,,,,,,,,,0,0,,,,,,,,,,,,,,,,,,,,,,,,,,,
1,218,14,470,2MWD,1.546388889,,GV2.3,3072,,,,,,,,,,,,,,,,0,,,,,,,,,,,,,,,,,,,,,,60,,,,
1,249,14,470,2MWD,1.555,,GV0.1,1220,1,1,0,1,0,0,0,,,,,,,,,,,0,,,,,,,0,,,,,,,,,,0,,,,,,,
1,249,14,470,2MWD,1.555,,GV1.2,2081,,,,,,,,,,,,,,,,,,,,,,,,,,,,,,,,,,,,,,,,0.25,1,
1,249,14,470,2MWD,1.555,,GV2.1,1024,,,,,,,,,,,,,,,,,,,,,,,,0,,,,,,,,,,0,,,,,,,,0
0,30,15,471,RTClk,1.555,,,0/0/200 0:0:40,,,,,,,,,,,,,,,,,,,,,,,,,,,,,,,,,,,,,,,,,,
1,32,15,471,2MWD,1.555555556,,GV0.3,3364,,,,,,,,,,,,,2,,,,,,,,,,100,,,,,,,,,,0,,,,,,,,,
1,32,15,471,2MWD,1.555555556,,GV1.3,3072,,,,,,,,,,,,,,0,0,,,,,,,,,,,,,,,,,,,,,,,,,,,
1,32,15,471,2MWD,1.555555556,,GV2.3,3072,,,,,,,,,,,,,,,,0,,,,,,,,,,,,,,,,,,,,,,60,,,,
1,63,15,471,2MWD,1.564166667,,GV0.1,1220,1,1,0,1,0,0,0,,,,,,,,,,,0,,,,,,,0,,,,,,,,,,0,,,,,,,
1,63,15,471,2MWD,1.564166667,,GV1.2,2048,,,,,,,,,,,,,,,,,,,,,,,,,,,,,,,,,,,,,,,,0,0,
1,63,15,471,2MWD,1.564166667,,GV2.1,1024,,,,,,,,,,,,,,,,,,,,,,,,0,,,,,,,,,,0,,,,,,,,0
0,70,15,471,RTClk,1.566111111,,,0/0/200 0:1:20,,,,,,,,,,,,,,,,,,,,,,,,,,,,,,,,,,,,,,,,,,
1,94,15,471,2MWD,1.572777778,,GV0.3,3364,,,,,,,,,,,,,2,,,,,,,,,,100,,,,,,,,,,0,,,,,,,,,
1,94,15,471,2MWD,1.572777778,,GV1.3,3072,,,,,,,,,,,,,,0,0,,,,,,,,,,,,,,,,,,,,,,,,,,,
1,94,15,471,2MWD,1.572777778,,GV2.3,3072,,,,,,,,,,,,,,,,0,,,,,,,,,,,,,,,,,,,,,,60,,,,
0,110,15,471,RTClk,1.577222222,,,0/0/200 0:2:0,,,,,,,,,,,,,,,,,,,,,,,,,,,,,,,,,,,,,,,,,,
1,125,15,471,2MWD,1.581388889,,GV0.1,1220,1,1,0,1,0,0,0,,,,,,,,,,,0,,,,,,,0,,,,,,,,,,0,,,,,,,
1,125,15,471,2MWD,1.581388889,,GV1.2,2081,,,,,,,,,,,,,,,,,,,,,,,,,,,,,,,,,,,,,,,,0.25,1,
1,125,15,471,2MWD,1.581388889,,GV2.1,1024,,,,,,,,,,,,,,,,,,,,,,,,0,,,,,,,,,,0,,,,,,,,0
1,156,15,471,2MWD,1.59,,GV0.3,3364,,,,,,,,,,,,,2,,,,,,,,,,100,,,,,,,,,,0,,,,,,,,,
1,156,15,471,2MWD,1.59,,GV1.3,3072,,,,,,,,,,,,,,0,0,,,,,,,,,,,,,,,,,,,,,,,,,,,
1,156,15,471,2MWD,1.59,,GV2.3,3072,,,,,,,,,,,,,,,,0,,,,,,,,,,,,,,,,,,,,,,60,,,,
1,187,15,471,2MWD,1.598611111,,GV0.1,1220,1,1,0,1,0,0,0,,,,,,,,,,,0,,,,,,,0,,,,,,,,,,0,,,,,,,
1,187,15,471,2MWD,1.598611111,,GV1.2,2081,,,,,,,,,,,,,,,,,,,,,,,,,,,,,,,,,,,,,,,,0.25,1,
1,187,15,471,2MWD,1.598611111,,GV2.1,1024,,,,,,,,,,,,,,,,,,,,,,,,0,,,,,,,,,,0,,,,,,,,0
1,218,15,471,2MWD,1.607222222,,GV0.3,3364,,,,,,,,,,,,,2,,,,,,,,,,100,,,,,,,,,,0,,,,,,,,,
1,218,15,471,2MWD,1.607222222,,GV1.3,3072,,,,,,,,,,,,,,0,0,,,,,,,,,,,,,,,,,,,,,,,,,,,
1,218,15,471,2MWD,1.607222222,,GV2.3,3072,,,,,,,,,,,,,,,,0,,,,,,,,,,,,,,,,,,,,,,60,,,,
1,249,15,471,2MWD,1.615833333,,GV0.1,1220,1,1,0,1,0,0,0,,,,,,,,,,,0,,,,,,,0,,,,,,,,,,0,,,,,,,
1,249,15,471,2MWD,1.615833333,,GV1.2,2081,,,,,,,,,,,,,,,,,,,,,,,,,,,,,,,,,,,,,,,,0.25,1,
1,249,15,471,2MWD,1.615833333,,GV2.1,1024,,,,,,,,,,,,,,,,,,,,,,,,0,,,,,,,,,,0,,,,,,,,0
1,281,15,471,2MWD,1.624722222,,GV0.3,3364,,,,,,,,,,,,,2,,,,,,,,,,100,,,,,,,,,,0,,,,,,,,,
1,281,15,471,2MWD,1.624722222,,GV1.3,3072,,,,,,,,,,,,,,0,0,,,,,,,,,,,,,,,,,,,,,,,,,,,
1,281,15,471,2MWD,1.624722222,,GV2.3,3072,,,,,,,,,,,,,,,,0,,,,,,,,,,,,,,,,,,,,,,60,,,,
1,312,15,471,2MWD,1.633333333,,GV0.0,1016,,,,,,,,,,,,,,,,,,,,,,,,,,,,,,,,,,,,,,,,,,
1,312,15,471,2MWD,1.633333333,,GV1.0,458,,,,,,,,,2,,,,,,,,,,,,,,,,,,,,,,,,,,,140,0.2666,,,,,
1,312,15,471,2MWD,1.633333333,,GV2.0,19,,,,,,,,,,,,,,,,,,,,,,,,,,,3.3,,,,,,,,,,,,,,,
1,341,15,471,2MWD,1.641388889,,GV0.2,2048,,,,,,,,,,,,,,,,,0,,0,,,,,,,,,,,,,,,,,,,,,,,
1,341,15,471,2MWD,1.641388889,,GV1.1,1041,,,,,,,,3596,,0,,,,,,,,,,,,,,,,,,,,,,,,,,,,,,,,
1,341,15,471,2MWD,1.641388889,,GV2.2,2048,,,,,,,,,,,,,,,,,,,,,,,,,,,,,,0,,,,,,,,,,,,
1,372,15,471,2MWD,1.65,,GV0.0,1016,,,,,,,,,,,,,,,,,,,,,,,,,,,,,,,,,,,,,,,,,,
1,372,15,471,2MWD,1.65,,GV1.0,470,,,,,,,,,2,,,,,,,,,,,,,,,,,,,,,,,,,,,140,0.6665,,,,,
1,372,15,471,2MWD,1.65,,GV2.0,18,,,,,,,,,,,,,,,,,,,,,,,,,,,3.2,,,,,,,,,,,,,,,
1,403,15,471,2MWD,1.658611111,,GV0.2,2048,,,,,,,,,,,,,,,,,0,,0,,,,,,,,,,,,,,,,,,,,,,,
1,403,15,471,2MWD,1.658611111,,GV1.1,1040,,,,,,,,3464,,0,,,,,,,,,,,,,,,,,,,,,,,,,,,,,,,,
1,403,15,471,2MWD,1.658611111,,GV2.2,2048,,,,,,,,,,,,,,,,,,,,,,,,,,,,,,0,,,,,,,,,,,,
1,434,15,471,2MWD,1.667222222,,GV0.0,1016,,,,,,,,,,,,,,,,,,,,,,,,,,,,,,,,,,,,,,,,,,
1,434,15,471,2MWD,1.667222222,,GV1.0,266,,,,,,,,,2,,,,,,,,,,,,,,,,,,,,,,,,,,,80,0.2666,,,,,
1,434,15,471,2MWD,1.667222222,,GV2.0,18,,,,,,,,,,,,,,,,,,,,,,,,,,,3.2,,,,,,,,,,,,,,,
1,465,15,471,2MWD,1.675833333,,GV0.2,2048,,,,,,,,,,,,,,,,,0,,0,,,,,,,,,,,,,,,,,,,,,,,
1,465,15,471,2MWD,1.675833333,,GV1.1,1038,,,,,,,,3201,,0,,,,,,,,,,,,,,,,,,,,,,,,,,,,,,,,
1,465,15,471,2MWD,1.675833333,,GV2.2,2048,,,,,,,,,,,,,,,,,,,,,,,,,,,,,,0,,,,,,,,,,,,
0,30,16,472,RTClk,1.675833333,,,0/0/200 0:0:40,,,,,,,,,,,,,,,,,,,,,,,,,,,,,,,,,,,,,,,,,,
1,32,16,472,2MWD,1.676388889,,GV0.3,3364,,,,,,,,,,,,,2,,,,,,,,,,100,,,,,,,,,,0,,,,,,,,,
1,32,16,472,2MWD,1.676388889,,GV1.3,3072,,,,,,,,,,,,,,0,0,,,,,,,,,,,,,,,,,,,,,,,,,,,
1,32,16,472,2MWD,1.676388889,,GV2.3,3072,,,,,,,,,,,,,,,,0,,,,,,,,,,,,,,,,,,,,,,60,,,,
1,63,16,472,2MWD,1.685,,GV0.1,1220,1,1,0,1,0,0,0,,,,,,,,,,,0,,,,,,,0,,,,,,,,,,0,,,,,,,
1,63,16,472,2MWD,1.685,,GV1.2,2048,,,,,,,,,,,,,,,,,,,,,,,,,,,,,,,,,,,,,,,,0,0,
1,63,16,472,2MWD,1.685,,GV2.1,1024,,,,,,,,,,,,,,,,,,,,,,,,0,,,,,,,,,,0,,,,,,,,0
0,70,16,472,RTClk,1.686944444,,,0/0/200 0:1:20,,,,,,,,,,,,,,,,,,,,,,,,,,,,,,,,,,,,,,,,,,
1,94,16,472,2MWD,1.693611111,,GV0.3,3364,,,,,,,,,,,,,2,,,,,,,,,,100,,,,,,,,,,0,,,,,,,,,
1,94,16,472,2MWD,1.693611111,,GV1.3,3072,,,,,,,,,,,,,,0,0,,,,,,,,,,,,,,,,,,,,,,,,,,,
1,94,16,472,2MWD,1.693611111,,GV2.3,3072,,,,,,,,,,,,,,,,0,,,,,,,,,,,,,,,,,,,,,,60,,,,
0,110,16,472,RTClk,1.698055556,,,0/0/200 0:2:0,,,,,,,,,,,,,,,,,,,,,,,,,,,,,,,,,,,,,,,,,,
1,125,16,472,2MWD,1.702222222,,GV0.1,1220,1,1,0,1,0,0,0,,,,,,,,,,,0,,,,,,,0,,,,,,,,,,0,,,,,,,
1,125,16,472,2MWD,1.702222222,,GV1.2,2081,,,,,,,,,,,,,,,,,,,,,,,,,,,,,,,,,,,,,,,,0.25,1,
1,125,16,472,2MWD,1.702222222,,GV2.1,1024,,,,,,,,,,,,,,,,,,,,,,,,0,,,,,,,,,,0,,,,,,,,0
1,156,16,472,2MWD,1.710833333,,GV0.3,3364,,,,,,,,,,,,,2,,,,,,,,,,100,,,,,,,,,,0,,,,,,,,,
1,156,16,472,2MWD,1.710833333,,GV1.3,3072,,,,,,,,,,,,,,0,0,,,,,,,,,,,,,,,,,,,,,,,,,,,
1,156,16,472,2MWD,1.710833333,,GV2.3,3072,,,,,,,,,,,,,,,,0,,,,,,,,,,,,,,,,,,,,,,60,,,,
1,187,16,472,2MWD,1.719444444,,GV0.1,1220,1,1,0,1,0,0,0,,,,,,,,,,,0,,,,,,,0,,,,,,,,,,0,,,,,,,
1,187,16,472,2MWD,1.719444444,,GV1.2,2081,,,,,,,,,,,,,,,,,,,,,,,,,,,,,,,,,,,,,,,,0.25,1,
1,187,16,472,2MWD,1.719444444,,GV2.1,1024,,,,,,,,,,,,,,,,,,,,,,,,0,,,,,,,,,,0,,,,,,,,0
1,218,16,472,2MWD,1.728055556,,GV0.3,3364,,,,,,,,,,,,,2,,,,,,,,,,100,,,,,,,,,,0,,,,,,,,,
1,218,16,472,2MWD,1.728055556,,GV1.3,3072,,,,,,,,,,,,,,0,0,,,,,,,,,,,,,,,,,,,,,,,,,,,
1,218,16,472,2MWD,1.728055556,,GV2.3,3072,,,,,,,,,,,,,,,,0,,,,,,,,,,,,,,,,,,,,,,60,,,,
1,249,16,472,2MWD,1.736666667,,GV0.1,1220,1,1,0,1,0,0,0,,,,,,,,,,,0,,,,,,,0,,,,,,,,,,0,,,,,,,
1,249,16,472,2MWD,1.736666667,,GV1.2,2081,,,,,,,,,,,,,,,,,,,,,,,,,,,,,,,,,,,,,,,,0.25,1,
1,249,16,472,2MWD,1.736666667,,GV2.1,1024,,,,,,,,,,,,,,,,,,,,,,,,0,,,,,,,,,,0,,,,,,,,0
1,281,16,472,2MWD,1.745555556,,GV0.3,3364,,,,,,,,,,,,,2,,,,,,,,,,100,,,,,,,,,,0,,,,,,,,,
1,281,16,472,2MWD,1.745555556,,GV1.3,3072,,,,,,,,,,,,,,0,0,,,,,,,,,,,,,,,,,,,,,,,,,,,
1,281,16,472,2MWD,1.745555556,,GV2.3,3072,,,,,,,,,,,,,,,,0,,,,,,,,,,,,,,,,,,,,,,60,,,,
1,312,16,472,2MWD,1.754166667,,GV0.0,1016,,,,,,,,,,,,,,,,,,,,,,,,,,,,,,,,,,,,,,,,,,
1,312,16,472,2MWD,1.754166667,,GV1.0,97,,,,,,,,,1,,,,,,,,,,,,,,,,,,,,,,,,,,,20,1.0664,,,,,
1,312,16,472,2MWD,1.754166667,,GV2.0,19,,,,,,,,,,,,,,,,,,,,,,,,,,,3.3,,,,,,,,,,,,,,,
1,341,16,472,2MWD,1.762222222,,GV0.2,2048,,,,,,,,,,,,,,,,,0,,0,,,,,,,,,,,,,,,,,,,,,,,
1,341,16,472,2MWD,1.762222222,,GV1.1,1037,,,,,,,,3069,,0,,,,,,,,,,,,,,,,,,,,,,,,,,,,,,,,
1,341,16,472,2MWD,1.762222222,,GV2.2,2048,,,,,,,,,,,,,,,,,,,,,,,,,,,,,,0,,,,,,,,,,,,
1,372,16,472,2MWD,1.770833333,,GV0.0,1016,,,,,,,,,,,,,,,,,,,,,,,,,,,,,,,,,,,,,,,,,,
1,372,16,472,2MWD,1.770833333,,GV1.0,65,,,,,,,,,1,,,,,,,,,,,,,,,,,,,,,,,,,,,20,0,,,,,
1,372,16,472,2MWD,1.770833333,,GV2.0,18,,,,,,,,,,,,,,,,,,,,,,,,,,,3.2,,,,,,,,,,,,,,,
1,403,16,472,2MWD,1.779444444,,GV0.2,2048,,,,,,,,,,,,,,,,,0,,0,,,,,,,,,,,,,,,,,,,,,,,
1,403,16,472,2MWD,1.779444444,,GV1.1,1037,,,,,,,,3069,,0,,,,,,,,,,,,,,,,,,,,,,,,,,,,,,,,
1,403,16,472,2MWD,1.779444444,,GV2.2,2048,,,,,,,,,,,,,,,,,,,,,,,,,,,,,,0,,,,,,,,,,,,
1,434,16,472,2MWD,1.788055556,,GV0.0,1016,,,,,,,,,,,,,,,,,,,,,,,,,,,,,,,,,,,,,,,,,,
1,434,16,472,2MWD,1.788055556,,GV1.0,65,,,,,,,,,1,,,,,,,,,,,,,,,,,,,,,,,,,,,20,0,,,,,
1,434,16,472,2MWD,1.788055556,,GV2.0,18,,,,,,,,,,,,,,,,,,,,,,,,,,,3.2,,,,,,,,,,,,,,,
1,465,16,472,2MWD,1.796666667,,GV0.2,2048,,,,,,,,,,,,,,,,,0,,0,,,,,,,,,,,,,,,,,,,,,,,
1,465,16,472,2MWD,1.796666667,,GV1.1,1037,,,,,,,,3069,,0,,,,,,,,,,,,,,,,,,,,,,,,,,,,,,,,
1,465,16,472,2MWD,1.796666667,,GV2.2,2048,,,,,,,,,,,,,,,,,,,,,,,,,,,,,,0,,,,,,,,,,,,
1,496,16,472,2MWD,1.805277778,,GV0.0,1016,,,,,,,,,,,,,,,,,,,,,,,,,,,,,,,,,,,,,,,,,,
1,496,16,472,2MWD,1.805277778,,GV1.0,65,,,,,,,,,1,,,,,,,,,,,,,,,,,,,,,,,,,,,20,0,,,,,
1,496,16,472,2MWD,1.805277778,,GV2.0,18,,,,,,,,,,,,,,,,,,,,,,,,,,,3.2,,,,,,,,,,,,,,,
1,527,16,472,2MWD,1.813888889,,GV0.2,2048,,,,,,,,,,,,,,,,,0,,0,,,,,,,,,,,,,,,,,,,,,,,
1,527,16,472,2MWD,1.813888889,,GV1.1,1037,,,,,,,,3069,,0,,,,,,,,,,,,,,,,,,,,,,,,,,,,,,,,
1,527,16,472,2MWD,1.813888889,,GV2.2,2048,,,,,,,,,,,,,,,,,,,,,,,,,,,,,,0,,,,,,,,,,,,
1,558,16,472,2MWD,1.8225,,GV0.0,1016,,,,,,,,,,,,,,,,,,,,,,,,,,,,,,,,,,,,,,,,,,
1,558,16,472,2MWD,1.8225,,GV1.0,65,,,,,,,,,1,,,,,,,,,,,,,,,,,,,,,,,,,,,20,0,,,,,
1,558,16,472,2MWD,1.8225,,GV2.0,15,,,,,,,,,,,,,,,,,,,,,,,,,,,2.6,,,,,,,,,,,,,,,
1,589,16,472,2MWD,1.831111111,,GV0.2,2048,,,,,,,,,,,,,,,,,0,,0,,,,,,,,,,,,,,,,,,,,,,,
1,589,16,472,2MWD,1.831111111,,GV1.1,1037,,,,,,,,3069,,0,,,,,,,,,,,,,,,,,,,,,,,,,,,,,,,,
1,589,16,472,2MWD,1.831111111,,GV2.2,2048,,,,,,,,,,,,,,,,,,,,,,,,,,,,,,0,,,,,,,,,,,,
1,621,16,472,2MWD,1.84,,GV0.0,1016,,,,,,,,,,,,,,,,,,,,,,,,,,,,,,,,,,,,,,,,,,
1,621,16,472,2MWD,1.84,,GV1.0,66,,,,,,,,,2,,,,,,,,,,,,,,,,,,,,,,,,,,,20,0,,,,,
1,621,16,472,2MWD,1.84,,GV2.0,11,,,,,,,,,,,,,,,,,,,,,,,,,,,1.9,,,,,,,,,,,,,,,
1,652,16,472,2MWD,1.848611111,,GV0.2,2048,,,,,,,,,,,,,,,,,0,,0,,,,,,,,,,,,,,,,,,,,,,,
1,652,16,472,2MWD,1.848611111,,GV1.1,1037,,,,,,,,3069,,0,,,,,,,,,,,,,,,,,,,,,,,,,,,,,,,,
1,652,16,472,2MWD,1.848611111,,GV2.2,2048,,,,,,,,,,,,,,,,,,,,,,,,,,,,,,0,,,,,,,,,,,,
1,682,16,472,2MWD,1.856944444,,GV0.1,1093,1,0,0,1,0,0,0,,,,,,,,,,,1,,,,,,,0,,,,,,,,,,0,,,,,,,
1,682,16,472,2MWD,1.856944444,,GV1.2,2081,,,,,,,,,,,,,,,,,,,,,,,,,,,,,,,,,,,,,,,,0.25,1,
1,682,16,472,2MWD,1.856944444,,GV2.1,1035,,,,,,,,,,,,,,,,,,,,,,,,0,,,,,,,,,,0,,,,,,,,44
1,713,16,472,2MWD,1.865555556,,GV0.1,1093,1,0,0,1,0,0,0,,,,,,,,,,,1,,,,,,,0,,,,,,,,,,0,,,,,,,
1,713,16,472,2MWD,1.865555556,,GV1.2,2081,,,,,,,,,,,,,,,,,,,,,,,,,,,,,,,,,,,,,,,,0.25,1,
1,713,16,472,2MWD,1.865555556,,GV2.1,1035,,,,,,,,,,,,,,,,,,,,,,,,0,,,,,,,,,,0,,,,,,,,44
1,744,16,472,2MWD,1.874166667,,GV0.1,1093,1,0,0,1,0,0,0,,,,,,,,,,,1,,,,,,,0,,,,,,,,,,0,,,,,,,
1,744,16,472,2MWD,1.874166667,,GV1.2,2081,,,,,,,,,,,,,,,,,,,,,,,,,,,,,,,,,,,,,,,,0.25,1,
1,744,16,472,2MWD,1.874166667,,GV2.1,1035,,,,,,,,,,,,,,,,,,,,,,,,0,,,,,,,,,,0,,,,,,,,44
1,775,16,472,2MWD,1.882777778,,GV0.1,1093,1,0,0,1,0,0,0,,,,,,,,,,,1,,,,,,,0,,,,,,,,,,0,,,,,,,
1,775,16,472,2MWD,1.882777778,,GV1.2,2081,,,,,,,,,,,,,,,,,,,,,,,,,,,,,,,,,,,,,,,,0.25,1,
1,775,16,472,2MWD,1.882777778,,GV2.1,1035,,,,,,,,,,,,,,,,,,,,,,,,0,,,,,,,,,,0,,,,,,,,44
1,807,16,472,2MWD,1.891666667,,GV0.1,1093,1,0,0,1,0,0,0,,,,,,,,,,,1,,,,,,,0,,,,,,,,,,0,,,,,,,
1,807,16,472,2MWD,1.891666667,,GV1.2,2081,,,,,,,,,,,,,,,,,,,,,,,,,,,,,,,,,,,,,,,,0.25,1,
1,807,16,472,2MWD,1.891666667,,GV2.1,1035,,,,,,,,,,,,,,,,,,,,,,,,0,,,,,,,,,,0,,,,,,,,44
1,838,16,472,2MWD,1.900277778,,GV0.1,1093,1,0,0,1,0,0,0,,,,,,,,,,,1,,,,,,,0,,,,,,,,,,0,,,,,,,
1,838,16,472,2MWD,1.900277778,,GV1.2,2081,,,,,,,,,,,,,,,,,,,,,,,,,,,,,,,,,,,,,,,,0.25,1,
1,838,16,472,2MWD,1.900277778,,GV2.1,1035,,,,,,,,,,,,,,,,,,,,,,,,0,,,,,,,,,,0,,,,,,,,44
1,869,16,472,2MWD,1.908888889,,GV0.1,1093,1,0,0,1,0,0,0,,,,,,,,,,,1,,,,,,,0,,,,,,,,,,0,,,,,,,
1,869,16,472,2MWD,1.908888889,,GV1.2,2081,,,,,,,,,,,,,,,,,,,,,,,,,,,,,,,,,,,,,,,,0.25,1,
1,869,16,472,2MWD,1.908888889,,GV2.1,1035,,,,,,,,,,,,,,,,,,,,,,,,0,,,,,,,,,,0,,,,,,,,44
1,900,16,472,2MWD,1.9175,,GV0.1,1093,1,0,0,1,0,0,0,,,,,,,,,,,1,,,,,,,0,,,,,,,,,,0,,,,,,,
1,900,16,472,2MWD,1.9175,,GV1.2,2081,,,,,,,,,,,,,,,,,,,,,,,,,,,,,,,,,,,,,,,,0.25,1,
1,900,16,472,2MWD,1.9175,,GV2.1,1035,,,,,,,,,,,,,,,,,,,,,,,,0,,,,,,,,,,0,,,,,,,,44
1,931,16,472,2MWD,1.926111111,,GV0.1,1093,1,0,0,1,0,0,0,,,,,,,,,,,1,,,,,,,0,,,,,,,,,,0,,,,,,,
1,931,16,472,2MWD,1.926111111,,GV1.2,2081,,,,,,,,,,,,,,,,,,,,,,,,,,,,,,,,,,,,,,,,0.25,1,
1,931,16,472,2MWD,1.926111111,,GV2.1,1035,,,,,,,,,,,,,,,,,,,,,,,,0,,,,,,,,,,0,,,,,,,,44
1,32,17,473,2MWD,1.926111111,7/15/2020 6:15,GV0.3,3364,,,,,,,,,,,,,2,,,,,,,,,,100,,,,,,,,,,0,,,,,,,,,
1,32,17,473,2MWD,1.926111111,7/15/2020 6:15,GV1.3,3072,,,,,,,,,,,,,,0,0,,,,,,,,,,,,,,,,,,,,,,,,,,,
1,32,17,473,2MWD,1.926111111,7/15/2020 6:15,GV2.3,3072,,,,,,,,,,,,,,,,0,,,,,,,,,,,,,,,,,,,,,,60,,,,
1,63,17,473,2MWD,1.934722222,7/15/2020 6:15,GV0.1,1220,1,1,0,1,0,0,0,,,,,,,,,,,0,,,,,,,0,,,,,,,,,,0,,,,,,,
1,63,17,473,2MWD,1.934722222,7/15/2020 6:15,GV1.2,2048,,,,,,,,,,,,,,,,,,,,,,,,,,,,,,,,,,,,,,,,0,0,
1,63,17,473,2MWD,1.934722222,7/15/2020 6:15,GV2.1,1024,,,,,,,,,,,,,,,,,,,,,,,,0,,,,,,,,,,0,,,,,,,,0
0,70,17,473,RTClk,1.936666667,7/15/2020 6:15,,7/15/2020 6:15,,,,,,,,,,,,,,,,,,,,,,,,,,,,,,,,,,,,,,,,,,
1,94,17,473,2MWD,1.943333333,7/15/2020 6:16,GV0.3,3364,,,,,,,,,,,,,2,,,,,,,,,,100,,,,,,,,,,0,,,,,,,,,
1,94,17,473,2MWD,1.943333333,7/15/2020 6:16,GV1.3,3072,,,,,,,,,,,,,,0,0,,,,,,,,,,,,,,,,,,,,,,,,,,,
1,94,17,473,2MWD,1.943333333,7/15/2020 6:16,GV2.3,3072,,,,,,,,,,,,,,,,0,,,,,,,,,,,,,,,,,,,,,,60,,,,
0,110,17,473,RTClk,1.947777778,7/15/2020 6:16,,7/15/2020 6:16,,,,,,,,,,,,,,,,,,,,,,,,,,,,,,,,,,,,,,,,,,
1,125,17,473,2MWD,1.951944444,7/15/2020 6:16,GV0.1,1220,1,1,0,1,0,0,0,,,,,,,,,,,0,,,,,,,0,,,,,,,,,,0,,,,,,,
1,125,17,473,2MWD,1.951944444,7/15/2020 6:16,GV1.2,2337,,,,,,,,,,,,,,,,,,,,,,,,,,,,,,,,,,,,,,,,2.25,1,
1,125,17,473,2MWD,1.951944444,7/15/2020 6:16,GV2.1,1024,,,,,,,,,,,,,,,,,,,,,,,,0,,,,,,,,,,0,,,,,,,,0
0,150,17,473,RTClk,1.958888889,7/15/2020 6:17,,7/15/2020 6:17,,,,,,,,,,,,,,,,,,,,,,,,,,,,,,,,,,,,,,,,,,
1,156,17,473,2MWD,1.960555556,7/15/2020 6:17,GV0.3,3364,,,,,,,,,,,,,2,,,,,,,,,,100,,,,,,,,,,0,,,,,,,,,
1,156,17,473,2MWD,1.960555556,7/15/2020 6:17,GV1.3,3072,,,,,,,,,,,,,,0,0,,,,,,,,,,,,,,,,,,,,,,,,,,,
1,156,17,473,2MWD,1.960555556,7/15/2020 6:17,GV2.3,3072,,,,,,,,,,,,,,,,0,,,,,,,,,,,,,,,,,,,,,,60,,,,
1,187,17,473,2MWD,1.969166667,7/15/2020 6:17,GV0.1,1220,1,1,0,1,0,0,0,,,,,,,,,,,0,,,,,,,0,,,,,,,,,,0,,,,,,,
1,187,17,473,2MWD,1.969166667,7/15/2020 6:17,GV1.2,2337,,,,,,,,,,,,,,,,,,,,,,,,,,,,,,,,,,,,,,,,2.25,1,
1,187,17,473,2MWD,1.969166667,7/15/2020 6:17,GV2.1,1024,,,,,,,,,,,,,,,,,,,,,,,,0,,,,,,,,,,0,,,,,,,,0
1,218,17,473,2MWD,1.977777778,7/15/2020 6:18,GV0.3,3364,,,,,,,,,,,,,2,,,,,,,,,,100,,,,,,,,,,0,,,,,,,,,
1,218,17,473,2MWD,1.977777778,7/15/2020 6:18,GV1.3,3072,,,,,,,,,,,,,,0,0,,,,,,,,,,,,,,,,,,,,,,,,,,,
1,218,17,473,2MWD,1.977777778,7/15/2020 6:18,GV2.3,3072,,,,,,,,,,,,,,,,0,,,,,,,,,,,,,,,,,,,,,,60,,,,
1,249,17,473,2MWD,1.986388889,7/15/2020 6:18,GV0.1,1220,1,1,0,1,0,0,0,,,,,,,,,,,0,,,,,,,0,,,,,,,,,,0,,,,,,,
1,249,17,473,2MWD,1.986388889,7/15/2020 6:18,GV1.2,2337,,,,,,,,,,,,,,,,,,,,,,,,,,,,,,,,,,,,,,,,2.25,1,
1,249,17,473,2MWD,1.986388889,7/15/2020 6:18,GV2.1,1024,,,,,,,,,,,,,,,,,,,,,,,,0,,,,,,,,,,0,,,,,,,,0
1,281,17,473,2MWD,1.995277778,7/15/2020 6:19,GV0.3,3364,,,,,,,,,,,,,2,,,,,,,,,,100,,,,,,,,,,0,,,,,,,,,
1,281,17,473,2MWD,1.995277778,7/15/2020 6:19,GV1.3,3072,,,,,,,,,,,,,,0,0,,,,,,,,,,,,,,,,,,,,,,,,,,,
1,281,17,473,2MWD,1.995277778,7/15/2020 6:19,GV2.3,3072,,,,,,,,,,,,,,,,0,,,,,,,,,,,,,,,,,,,,,,60,,,,
1,312,17,473,2MWD,2.003888889,7/15/2020 6:19,GV0.0,1016,,,,,,,,,,,,,,,,,,,,,,,,,,,,,,,,,,,,,,,,,,
1,312,17,473,2MWD,2.003888889,7/15/2020 6:19,GV1.0,1,,,,,,,,,1,,,,,,,,,,,,,,,,,,,,,,,,,,,0,0,,,,,
1,312,17,473,2MWD,2.003888889,7/15/2020 6:19,GV2.0,21,,,,,,,,,,,,,,,,,,,,,,,,,,,3.7,,,,,,,,,,,,,,,
1,341,17,473,2MWD,2.011944444,7/15/2020 6:20,GV0.2,2048,,,,,,,,,,,,,,,,,0,,0,,,,,,,,,,,,,,,,,,,,,,,
1,341,17,473,2MWD,2.011944444,7/15/2020 6:20,GV1.1,1036,,,,,,,,2938,,0,,,,,,,,,,,,,,,,,,,,,,,,,,,,,,,,
1,341,17,473,2MWD,2.011944444,7/15/2020 6:20,GV2.2,2561,,,,,,,,,,,,,,,,,,,,,,,,,,,,,,180,,,,,,,,,,,,
1,372,17,473,2MWD,2.020555556,7/15/2020 6:20,GV0.0,1016,,,,,,,,,,,,,,,,,,,,,,,,,,,,,,,,,,,,,,,,,,
1,372,17,473,2MWD,2.020555556,7/15/2020 6:20,GV1.0,66,,,,,,,,,2,,,,,,,,,,,,,,,,,,,,,,,,,,,20,0,,,,,
1,372,17,473,2MWD,2.020555556,7/15/2020 6:20,GV2.0,16,,,,,,,,,,,,,,,,,,,,,,,,,,,2.8,,,,,,,,,,,,,,,
1,403,17,473,2MWD,2.029166667,7/15/2020 6:21,GV0.2,2048,,,,,,,,,,,,,,,,,0,,0,,,,,,,,,,,,,,,,,,,,,,,
1,403,17,473,2MWD,2.029166667,7/15/2020 6:21,GV1.1,1037,,,,,,,,3069,,0,,,,,,,,,,,,,,,,,,,,,,,,,,,,,,,,
1,403,17,473,2MWD,2.029166667,7/15/2020 6:21,GV2.2,2561,,,,,,,,,,,,,,,,,,,,,,,,,,,,,,180,,,,,,,,,,,,
1,434,17,473,2MWD,2.037777778,7/15/2020 6:21,GV0.0,1016,,,,,,,,,,,,,,,,,,,,,,,,,,,,,,,,,,,,,,,,,,
1,434,17,473,2MWD,2.037777778,7/15/2020 6:21,GV1.0,130,,,,,,,,,2,,,,,,,,,,,,,,,,,,,,,,,,,,,40,0,,,,,
1,434,17,473,2MWD,2.037777778,7/15/2020 6:21,GV2.0,14,,,,,,,,,,,,,,,,,,,,,,,,,,,2.5,,,,,,,,,,,,,,,
1,465,17,473,2MWD,2.046388889,7/15/2020 6:22,GV0.2,2048,,,,,,,,,,,,,,,,,0,,0,,,,,,,,,,,,,,,,,,,,,,,
1,465,17,473,2MWD,2.046388889,7/15/2020 6:22,GV1.1,1037,,,,,,,,3069,,0,,,,,,,,,,,,,,,,,,,,,,,,,,,,,,,,
1,465,17,473,2MWD,2.046388889,7/15/2020 6:22,GV2.2,2561,,,,,,,,,,,,,,,,,,,,,,,,,,,,,,180,,,,,,,,,,,,
1,496,17,473,2MWD,2.055,7/15/2020 6:22,GV0.0,1016,,,,,,,,,,,,,,,,,,,,,,,,,,,,,,,,,,,,,,,,,,
1,496,17,473,2MWD,2.055,7/15/2020 6:22,GV1.0,146,,,,,,,,,2,,,,,,,,,,,,,,,,,,,,,,,,,,,40,0.5332,,,,,
1,496,17,473,2MWD,2.055,7/15/2020 6:22,GV2.0,12,,,,,,,,,,,,,,,,,,,,,,,,,,,2.1,,,,,,,,,,,,,,,
1,527,17,473,2MWD,2.063611111,7/15/2020 6:23,GV0.2,2048,,,,,,,,,,,,,,,,,0,,0,,,,,,,,,,,,,,,,,,,,,,,
1,527,17,473,2MWD,2.063611111,7/15/2020 6:23,GV1.1,1038,,,,,,,,3201,,0,,,,,,,,,,,,,,,,,,,,,,,,,,,,,,,,
1,527,17,473,2MWD,2.063611111,7/15/2020 6:23,GV2.2,2561,,,,,,,,,,,,,,,,,,,,,,,,,,,,,,180,,,,,,,,,,,,
1,558,17,473,2MWD,2.072222222,7/15/2020 6:23,GV0.0,1016,,,,,,,,,,,,,,,,,,,,,,,,,,,,,,,,,,,,,,,,,,
1,558,17,473,2MWD,2.072222222,7/15/2020 6:23,GV1.0,197,,,,,,,,,1,,,,,,,,,,,,,,,,,,,,,,,,,,,60,0.1333,,,,,
1,558,17,473,2MWD,2.072222222,7/15/2020 6:23,GV2.0,13,,,,,,,,,,,,,,,,,,,,,,,,,,,2.3,,,,,,,,,,,,,,,
1,589,17,473,2MWD,2.080833333,7/15/2020 6:24,GV0.2,2048,,,,,,,,,,,,,,,,,0,,0,,,,,,,,,,,,,,,,,,,,,,,
1,589,17,473,2MWD,2.080833333,7/15/2020 6:24,GV1.1,1038,,,,,,,,3201,,0,,,,,,,,,,,,,,,,,,,,,,,,,,,,,,,,
1,589,17,473,2MWD,2.080833333,7/15/2020 6:24,GV2.2,2561,,,,,,,,,,,,,,,,,,,,,,,,,,,,,,180,,,,,,,,,,,,
1,621,17,473,2MWD,2.089722222,7/15/2020 6:24,GV0.0,1016,,,,,,,,,,,,,,,,,,,,,,,,,,,,,,,,,,,,,,,,,,
1,621,17,473,2MWD,2.089722222,7/15/2020 6:24,GV1.0,129,,,,,,,,,1,,,,,,,,,,,,,,,,,,,,,,,,,,,40,0,,,,,
1,621,17,473,2MWD,2.089722222,7/15/2020 6:24,GV2.0,14,,,,,,,,,,,,,,,,,,,,,,,,,,,2.5,,,,,,,,,,,,,,,
1,652,17,473,2MWD,2.098333333,7/15/2020 6:25,GV0.2,2048,,,,,,,,,,,,,,,,,0,,0,,,,,,,,,,,,,,,,,,,,,,,
1,652,17,473,2MWD,2.098333333,7/15/2020 6:25,GV1.1,1038,,,,,,,,3201,,0,,,,,,,,,,,,,,,,,,,,,,,,,,,,,,,,
1,652,17,473,2MWD,2.098333333,7/15/2020 6:25,GV2.2,2561,,,,,,,,,,,,,,,,,,,,,,,,,,,,,,180,,,,,,,,,,,,
1,683,17,473,2MWD,2.106944444,7/15/2020 6:25,GV0.0,1016,,,,,,,,,,,,,,,,,,,,,,,,,,,,,,,,,,,,,,,,,,
1,683,17,473,2MWD,2.106944444,7/15/2020 6:25,GV1.0,137,,,,,,,,,1,,,,,,,,,,,,,,,,,,,,,,,,,,,40,0.2666,,,,,
1,683,17,473,2MWD,2.106944444,7/15/2020 6:25,GV2.0,14,,,,,,,,,,,,,,,,,,,,,,,,,,,2.5,,,,,,,,,,,,,,,
1,714,17,473,2MWD,2.115555556,7/15/2020 6:26,GV0.2,2048,,,,,,,,,,,,,,,,,0,,0,,,,,,,,,,,,,,,,,,,,,,,
1,714,17,473,2MWD,2.115555556,7/15/2020 6:26,GV1.1,1038,,,,,,,,3201,,0,,,,,,,,,,,,,,,,,,,,,,,,,,,,,,,,
1,714,17,473,2MWD,2.115555556,7/15/2020 6:26,GV2.2,2561,,,,,,,,,,,,,,,,,,,,,,,,,,,,,,180,,,,,,,,,,,,
1,745,17,473,2MWD,2.124166667,7/15/2020 6:26,GV0.0,1016,,,,,,,,,,,,,,,,,,,,,,,,,,,,,,,,,,,,,,,,,,
1,745,17,473,2MWD,2.124166667,7/15/2020 6:26,GV1.0,73,,,,,,,,,1,,,,,,,,,,,,,,,,,,,,,,,,,,,20,0.2666,,,,,
1,745,17,473,2MWD,2.124166667,7/15/2020 6:26,GV2.0,13,,,,,,,,,,,,,,,,,,,,,,,,,,,2.3,,,,,,,,,,,,,,,
1,776,17,473,2MWD,2.132777778,7/15/2020 6:27,GV0.2,2048,,,,,,,,,,,,,,,,,0,,0,,,,,,,,,,,,,,,,,,,,,,,
1,776,17,473,2MWD,2.132777778,7/15/2020 6:27,GV1.1,1038,,,,,,,,3201,,0,,,,,,,,,,,,,,,,,,,,,,,,,,,,,,,,
1,776,17,473,2MWD,2.132777778,7/15/2020 6:27,GV2.2,2561,,,,,,,,,,,,,,,,,,,,,,,,,,,,,,180,,,,,,,,,,,,
1,807,17,473,2MWD,2.141388889,7/15/2020 6:27,GV0.0,1016,,,,,,,,,,,,,,,,,,,,,,,,,,,,,,,,,,,,,,,,,,
1,807,17,473,2MWD,2.141388889,7/15/2020 6:27,GV1.0,129,,,,,,,,,1,,,,,,,,,,,,,,,,,,,,,,,,,,,40,0,,,,,
1,807,17,473,2MWD,2.141388889,7/15/2020 6:27,GV2.0,12,,,,,,,,,,,,,,,,,,,,,,,,,,,2.1,,,,,,,,,,,,,,,
1,838,17,473,2MWD,2.15,7/15/2020 6:28,GV0.2,2048,,,,,,,,,,,,,,,,,0,,0,,,,,,,,,,,,,,,,,,,,,,,
1,838,17,473,2MWD,2.15,7/15/2020 6:28,GV1.1,1038,,,,,,,,3201,,0,,,,,,,,,,,,,,,,,,,,,,,,,,,,,,,,
1,838,17,473,2MWD,2.15,7/15/2020 6:28,GV2.2,2561,,,,,,,,,,,,,,,,,,,,,,,,,,,,,,180,,,,,,,,,,,,
1,869,17,473,2MWD,2.158611111,7/15/2020 6:29,GV0.0,1016,,,,,,,,,,,,,,,,,,,,,,,,,,,,,,,,,,,,,,,,,,
1,869,17,473,2MWD,2.158611111,7/15/2020 6:29,GV1.0,65,,,,,,,,,1,,,,,,,,,,,,,,,,,,,,,,,,,,,20,0,,,,,
1,869,17,473,2MWD,2.158611111,7/15/2020 6:29,GV2.0,10,,,,,,,,,,,,,,,,,,,,,,,,,,,1.8,,,,,,,,,,,,,,,
1,901,17,473,2MWD,2.1675,7/15/2020 6:29,GV0.2,2048,,,,,,,,,,,,,,,,,0,,0,,,,,,,,,,,,,,,,,,,,,,,
1,901,17,473,2MWD,2.1675,7/15/2020 6:29,GV1.1,1038,,,,,,,,3201,,0,,,,,,,,,,,,,,,,,,,,,,,,,,,,,,,,
1,901,17,473,2MWD,2.1675,7/15/2020 6:29,GV2.2,2561,,,,,,,,,,,,,,,,,,,,,,,,,,,,,,180,,,,,,,,,,,,
1,932,17,473,2MWD,2.176111111,7/15/2020 6:30,GV0.0,1016,,,,,,,,,,,,,,,,,,,,,,,,,,,,,,,,,,,,,,,,,,
1,932,17,473,2MWD,2.176111111,7/15/2020 6:30,GV1.0,129,,,,,,,,,1,,,,,,,,,,,,,,,,,,,,,,,,,,,40,0,,,,,
1,932,17,473,2MWD,2.176111111,7/15/2020 6:30,GV2.0,6,,,,,,,,,,,,,,,,,,,,,,,,,,,1.1,,,,,,,,,,,,,,,
1,961,17,473,2MWD,2.184166667,7/15/2020 6:30,GV0.2,2048,,,,,,,,,,,,,,,,,0,,0,,,,,,,,,,,,,,,,,,,,,,,
1,961,17,473,2MWD,2.184166667,7/15/2020 6:30,GV1.1,1038,,,,,,,,3201,,0,,,,,,,,,,,,,,,,,,,,,,,,,,,,,,,,
1,961,17,473,2MWD,2.184166667,7/15/2020 6:30,GV2.2,2561,,,,,,,,,,,,,,,,,,,,,,,,,,,,,,180,,,,,,,,,,,,
1,992,17,473,2MWD,2.192777778,7/15/2020 6:31,GV0.0,1016,,,,,,,,,,,,,,,,,,,,,,,,,,,,,,,,,,,,,,,,,,
1,992,17,473,2MWD,2.192777778,7/15/2020 6:31,GV1.0,65,,,,,,,,,1,,,,,,,,,,,,,,,,,,,,,,,,,,,20,0,,,,,
1,992,17,473,2MWD,2.192777778,7/15/2020 6:31,GV2.0,3,,,,,,,,,,,,,,,,,,,,,,,,,,,0.5,,,,,,,,,,,,,,,
1,1023,17,473,2MWD,2.201388889,7/15/2020 6:31,GV0.2,2048,,,,,,,,,,,,,,,,,0,,0,,,,,,,,,,,,,,,,,,,,,,,
1,1023,17,473,2MWD,2.201388889,7/15/2020 6:31,GV1.1,1038,,,,,,,,3201,,0,,,,,,,,,,,,,,,,,,,,,,,,,,,,,,,,
1,1023,17,473,2MWD,2.201388889,7/15/2020 6:31,GV2.2,2561,,,,,,,,,,,,,,,,,,,,,,,,,,,,,,180,,,,,,,,,,,,
1,1054,17,473,2MWD,2.21,7/15/2020 6:32,GV0.0,1016,,,,,,,,,,,,,,,,,,,,,,,,,,,,,,,,,,,,,,,,,,
1,1054,17,473,2MWD,2.21,7/15/2020 6:32,GV1.0,129,,,,,,,,,1,,,,,,,,,,,,,,,,,,,,,,,,,,,40,0,,,,,
1,1054,17,473,2MWD,2.21,7/15/2020 6:32,GV2.0,2,,,,,,,,,,,,,,,,,,,,,,,,,,,0.4,,,,,,,,,,,,,,,
1,1085,17,473,2MWD,2.218611111,7/15/2020 6:32,GV0.2,2048,,,,,,,,,,,,,,,,,0,,0,,,,,,,,,,,,,,,,,,,,,,,
1,1085,17,473,2MWD,2.218611111,7/15/2020 6:32,GV1.1,1038,,,,,,,,3201,,0,,,,,,,,,,,,,,,,,,,,,,,,,,,,,,,,
1,1085,17,473,2MWD,2.218611111,7/15/2020 6:32,GV2.2,2561,,,,,,,,,,,,,,,,,,,,,,,,,,,,,,180,,,,,,,,,,,,
1,32,18,475,2MWD,2.218611111,7/15/2020 20:23,GV0.3,3364,,,,,,,,,,,,,2,,,,,,,,,,100,,,,,,,,,,0,,,,,,,,,
1,32,18,475,2MWD,2.218611111,7/15/2020 20:23,GV1.3,3072,,,,,,,,,,,,,,0,0,,,,,,,,,,,,,,,,,,,,,,,,,,,
1,32,18,475,2MWD,2.218611111,7/15/2020 20:23,GV2.3,3112,,,,,,,,,,,,,,,,0,,,,,,,,,,,,,,,,,,,,,,140,,,,
0,33,18,475,RTClk,2.218888889,7/15/2020 20:23,,7/15/2020 20:23,,,,,,,,,,,,,,,,,,,,,,,,,,,,,,,,,,,,,,,,,,
1,64,18,475,2MWD,2.2275,7/15/2020 20:24,GV0.1,1220,1,1,0,1,0,0,0,,,,,,,,,,,0,,,,,,,0,,,,,,,,,,0,,,,,,,
1,64,18,475,2MWD,2.2275,7/15/2020 20:24,GV1.2,2048,,,,,,,,,,,,,,,,,,,,,,,,,,,,,,,,,,,,,,,,0,0,
1,64,18,475,2MWD,2.2275,7/15/2020 20:24,GV2.1,1024,,,,,,,,,,,,,,,,,,,,,,,,0,,,,,,,,,,0,,,,,,,,0
0,73,18,475,RTClk,2.23,7/15/2020 20:24,,7/15/2020 20:24,,,,,,,,,,,,,,,,,,,,,,,,,,,,,,,,,,,,,,,,,,
1,95,18,475,2MWD,2.236111111,7/15/2020 20:24,GV0.3,3364,,,,,,,,,,,,,2,,,,,,,,,,100,,,,,,,,,,0,,,,,,,,,
1,95,18,475,2MWD,2.236111111,7/15/2020 20:24,GV1.3,3072,,,,,,,,,,,,,,0,0,,,,,,,,,,,,,,,,,,,,,,,,,,,
1,95,18,475,2MWD,2.236111111,7/15/2020 20:24,GV2.3,3112,,,,,,,,,,,,,,,,0,,,,,,,,,,,,,,,,,,,,,,140,,,,
0,113,18,475,RTClk,2.241111111,7/15/2020 20:25,,7/15/2020 20:25,,,,,,,,,,,,,,,,,,,,,,,,,,,,,,,,,,,,,,,,,,
1,124,18,475,2MWD,2.244166667,7/15/2020 20:25,GV0.1,1220,1,1,0,1,0,0,0,,,,,,,,,,,0,,,,,,,0,,,,,,,,,,0,,,,,,,
1,124,18,475,2MWD,2.244166667,7/15/2020 20:25,GV1.2,2177,,,,,,,,,,,,,,,,,,,,,,,,,,,,,,,,,,,,,,,,1,1,
1,124,18,475,2MWD,2.244166667,7/15/2020 20:25,GV2.1,1151,,,,,,,,,,,,,,,,,,,,,,,,0,,,,,,,,,,0,,,,,,,,508
1,155,18,475,2MWD,2.252777778,7/15/2020 20:25,GV0.3,3364,,,,,,,,,,,,,2,,,,,,,,,,100,,,,,,,,,,0,,,,,,,,,
1,155,18,475,2MWD,2.252777778,7/15/2020 20:25,GV1.3,3072,,,,,,,,,,,,,,0,0,,,,,,,,,,,,,,,,,,,,,,,,,,,
1,155,18,475,2MWD,2.252777778,7/15/2020 20:25,GV2.3,3112,,,,,,,,,,,,,,,,0,,,,,,,,,,,,,,,,,,,,,,140,,,,
1,186,18,475,2MWD,2.261388889,7/15/2020 20:26,GV0.1,1220,1,1,0,1,0,0,0,,,,,,,,,,,0,,,,,,,0,,,,,,,,,,0,,,,,,,
1,186,18,475,2MWD,2.261388889,7/15/2020 20:26,GV1.2,2177,,,,,,,,,,,,,,,,,,,,,,,,,,,,,,,,,,,,,,,,1,1,
1,186,18,475,2MWD,2.261388889,7/15/2020 20:26,GV2.1,1024,,,,,,,,,,,,,,,,,,,,,,,,0,,,,,,,,,,0,,,,,,,,0
1,217,18,475,2MWD,2.27,7/15/2020 20:27,GV0.3,3364,,,,,,,,,,,,,2,,,,,,,,,,100,,,,,,,,,,0,,,,,,,,,
1,217,18,475,2MWD,2.27,7/15/2020 20:27,GV1.3,3072,,,,,,,,,,,,,,0,0,,,,,,,,,,,,,,,,,,,,,,,,,,,
1,217,18,475,2MWD,2.27,7/15/2020 20:27,GV2.3,3112,,,,,,,,,,,,,,,,0,,,,,,,,,,,,,,,,,,,,,,140,,,,
1,248,18,475,2MWD,2.278611111,7/15/2020 20:27,GV0.1,1220,1,1,0,1,0,0,0,,,,,,,,,,,0,,,,,,,0,,,,,,,,,,0,,,,,,,
1,248,18,475,2MWD,2.278611111,7/15/2020 20:27,GV1.2,2178,,,,,,,,,,,,,,,,,,,,,,,,,,,,,,,,,,,,,,,,1,2,
1,248,18,475,2MWD,2.278611111,7/15/2020 20:27,GV2.1,1024,,,,,,,,,,,,,,,,,,,,,,,,0,,,,,,,,,,0,,,,,,,,0
1,279,18,475,2MWD,2.287222222,7/15/2020 20:28,GV0.3,3364,,,,,,,,,,,,,2,,,,,,,,,,100,,,,,,,,,,0,,,,,,,,,
1,279,18,475,2MWD,2.287222222,7/15/2020 20:28,GV1.3,3072,,,,,,,,,,,,,,0,0,,,,,,,,,,,,,,,,,,,,,,,,,,,
1,279,18,475,2MWD,2.287222222,7/15/2020 20:28,GV2.3,3112,,,,,,,,,,,,,,,,0,,,,,,,,,,,,,,,,,,,,,,140,,,,
1,310,18,475,2MWD,2.295833333,7/15/2020 20:28,GV0.0,1016,,,,,,,,,,,,,,,,,,,,,,,,,,,,,,,,,,,,,,,,,,
1,310,18,475,2MWD,2.295833333,7/15/2020 20:28,GV1.0,129,,,,,,,,,1,,,,,,,,,,,,,,,,,,,,,,,,,,,40,0,,,,,
1,310,18,475,2MWD,2.295833333,7/15/2020 20:28,GV2.0,507,,,,,,,,,,,,,,,,,,,,,,,,,,,89.2,,,,,,,,,,,,,,,
1,341,18,475,2MWD,2.304444444,7/15/2020 20:29,GV0.1,1029,0,0,0,1,0,0,0,,,,,,,,,,,1,,,,,,,0,,,,,,,,,,0,,,,,,,
1,341,18,475,2MWD,2.304444444,7/15/2020 20:29,GV1.2,2178,,,,,,,,,,,,,,,,,,,,,,,,,,,,,,,,,,,,,,,,1,2,
1,341,18,475,2MWD,2.304444444,7/15/2020 20:29,GV2.1,1039,,,,,,,,,,,,,,,,,,,,,,,,0,,,,,,,,,,0,,,,,,,,60
1,372,18,475,2MWD,2.313055556,7/15/2020 20:29,GV0.1,1029,0,0,0,1,0,0,0,,,,,,,,,,,1,,,,,,,0,,,,,,,,,,0,,,,,,,
1,372,18,475,2MWD,2.313055556,7/15/2020 20:29,GV1.2,2179,,,,,,,,,,,,,,,,,,,,,,,,,,,,,,,,,,,,,,,,1,3,
1,372,18,475,2MWD,2.313055556,7/15/2020 20:29,GV2.1,1049,,,,,,,,,,,,,,,,,,,,,,,,0,,,,,,,,,,0,,,,,,,,100
1,404,18,475,2MWD,2.321944444,7/15/2020 20:30,GV0.1,1029,0,0,0,1,0,0,0,,,,,,,,,,,1,,,,,,,0,,,,,,,,,,0,,,,,,,
1,404,18,475,2MWD,2.321944444,7/15/2020 20:30,GV1.2,2179,,,,,,,,,,,,,,,,,,,,,,,,,,,,,,,,,,,,,,,,1,3,
1,404,18,475,2MWD,2.321944444,7/15/2020 20:30,GV2.1,1052,,,,,,,,,,,,,,,,,,,,,,,,0,,,,,,,,,,0,,,,,,,,112
1,435,18,475,2MWD,2.330555556,7/15/2020 20:30,GV0.1,1029,0,0,0,1,0,0,0,,,,,,,,,,,1,,,,,,,0,,,,,,,,,,0,,,,,,,
1,435,18,475,2MWD,2.330555556,7/15/2020 20:30,GV1.2,2179,,,,,,,,,,,,,,,,,,,,,,,,,,,,,,,,,,,,,,,,1,3,
1,435,18,475,2MWD,2.330555556,7/15/2020 20:30,GV2.1,1045,,,,,,,,,,,,,,,,,,,,,,,,0,,,,,,,,,,0,,,,,,,,84
1,466,18,475,2MWD,2.339166667,7/15/2020 20:31,GV0.1,1029,0,0,0,1,0,0,0,,,,,,,,,,,1,,,,,,,0,,,,,,,,,,0,,,,,,,
1,466,18,475,2MWD,2.339166667,7/15/2020 20:31,GV1.2,2179,,,,,,,,,,,,,,,,,,,,,,,,,,,,,,,,,,,,,,,,1,3,
1,466,18,475,2MWD,2.339166667,7/15/2020 20:31,GV2.1,1043,,,,,,,,,,,,,,,,,,,,,,,,0,,,,,,,,,,0,,,,,,,,76
1,497,18,475,2MWD,2.347777778,7/15/2020 20:31,GV0.1,1029,0,0,0,1,0,0,0,,,,,,,,,,,1,,,,,,,0,,,,,,,,,,0,,,,,,,
1,497,18,475,2MWD,2.347777778,7/15/2020 20:31,GV1.2,2179,,,,,,,,,,,,,,,,,,,,,,,,,,,,,,,,,,,,,,,,1,3,
1,497,18,475,2MWD,2.347777778,7/15/2020 20:31,GV2.1,1049,,,,,,,,,,,,,,,,,,,,,,,,0,,,,,,,,,,0,,,,,,,,100
1,528,18,475,2MWD,2.356388889,7/15/2020 20:32,GV0.1,1029,0,0,0,1,0,0,0,,,,,,,,,,,1,,,,,,,0,,,,,,,,,,0,,,,,,,
1,528,18,475,2MWD,2.356388889,7/15/2020 20:32,GV1.2,2179,,,,,,,,,,,,,,,,,,,,,,,,,,,,,,,,,,,,,,,,1,3,
1,528,18,475,2MWD,2.356388889,7/15/2020 20:32,GV2.1,1048,,,,,,,,,,,,,,,,,,,,,,,,0,,,,,,,,,,0,,,,,,,,96
1,559,18,475,2MWD,2.365,7/15/2020 20:32,GV0.1,1029,0,0,0,1,0,0,0,,,,,,,,,,,1,,,,,,,0,,,,,,,,,,0,,,,,,,
1,559,18,475,2MWD,2.365,7/15/2020 20:32,GV1.2,2179,,,,,,,,,,,,,,,,,,,,,,,,,,,,,,,,,,,,,,,,1,3,
1,559,18,475,2MWD,2.365,7/15/2020 20:32,GV2.1,1044,,,,,,,,,,,,,,,,,,,,,,,,0,,,,,,,,,,0,,,,,,,,80
1,590,18,475,2MWD,2.373611111,7/15/2020 20:33,GV0.1,1029,0,0,0,1,0,0,0,,,,,,,,,,,1,,,,,,,0,,,,,,,,,,0,,,,,,,
1,590,18,475,2MWD,2.373611111,7/15/2020 20:33,GV1.2,2179,,,,,,,,,,,,,,,,,,,,,,,,,,,,,,,,,,,,,,,,1,3,
1,590,18,475,2MWD,2.373611111,7/15/2020 20:33,GV2.1,1046,,,,,,,,,,,,,,,,,,,,,,,,0,,,,,,,,,,0,,,,,,,,88
1,621,18,475,2MWD,2.382222222,7/15/2020 20:33,GV0.1,1029,0,0,0,1,0,0,0,,,,,,,,,,,1,,,,,,,0,,,,,,,,,,0,,,,,,,
1,621,18,475,2MWD,2.382222222,7/15/2020 20:33,GV1.2,2179,,,,,,,,,,,,,,,,,,,,,,,,,,,,,,,,,,,,,,,,1,3,
1,621,18,475,2MWD,2.382222222,7/15/2020 20:33,GV2.1,1047,,,,,,,,,,,,,,,,,,,,,,,,0,,,,,,,,,,0,,,,,,,,92
1,652,18,475,2MWD,2.390833333,7/15/2020 20:34,GV0.2,2048,,,,,,,,,,,,,,,,,0,,0,,,,,,,,,,,,,,,,,,,,,,,
1,652,18,475,2MWD,2.390833333,7/15/2020 20:34,GV1.1,1264,,,,,,,,3464,,79,71.03,114.52,,,,,,,,,,,,,,,,,,,,,,,,,,,,,,
1,652,18,475,2MWD,2.390833333,7/15/2020 20:34,GV2.2,2174,,,,,,,,,,,,,,,,,,,,,,,,,,,,,,44.2,,,,,,,,,,,,
1,684,18,475,2MWD,2.399722222,7/15/2020 20:34,GV0.0,1016,,,,,,,,,,,,,,,,,,,,,,,,,,,,,,,,,,,,,,,,,,
1,684,18,475,2MWD,2.399722222,7/15/2020 20:34,GV1.0,197,,,,,,,,,1,,,,,,,,,,,,,,,,,,,,,,,,,,,60,0.1333,,,,,
1,684,18,475,2MWD,2.399722222,7/15/2020 20:34,GV2.0,507,,,,,,,,,,,,,,,,,,,,,,,,,,,89.2,,,,,,,,,,,,,,,
1,715,18,475,2MWD,2.408333333,7/15/2020 20:35,GV0.2,2048,,,,,,,,,,,,,,,,,0,,0,,,,,,,,,,,,,,,,,,,,,,,
1,715,18,475,2MWD,2.408333333,7/15/2020 20:35,GV1.1,1264,,,,,,,,3464,,79,71.03,114.52,,,,,,,,,,,,,,,,,,,,,,,,,,,,,,
1,715,18,475,2MWD,2.408333333,7/15/2020 20:35,GV2.2,2174,,,,,,,,,,,,,,,,,,,,,,,,,,,,,,44.2,,,,,,,,,,,,
1,744,18,475,2MWD,2.416388889,7/15/2020 20:35,GV0.0,1016,,,,,,,,,,,,,,,,,,,,,,,,,,,,,,,,,,,,,,,,,,
1,744,18,475,2MWD,2.416388889,7/15/2020 20:35,GV1.0,133,,,,,,,,,1,,,,,,,,,,,,,,,,,,,,,,,,,,,40,0.1333,,,,,
1,744,18,475,2MWD,2.416388889,7/15/2020 20:35,GV2.0,507,,,,,,,,,,,,,,,,,,,,,,,,,,,89.2,,,,,,,,,,,,,,,
1,775,18,475,2MWD,2.425,7/15/2020 20:36,GV0.2,2048,,,,,,,,,,,,,,,,,0,,0,,,,,,,,,,,,,,,,,,,,,,,
1,775,18,475,2MWD,2.425,7/15/2020 20:36,GV1.1,1264,,,,,,,,3464,,79,71.03,114.52,,,,,,,,,,,,,,,,,,,,,,,,,,,,,,
1,775,18,475,2MWD,2.425,7/15/2020 20:36,GV2.2,2174,,,,,,,,,,,,,,,,,,,,,,,,,,,,,,44.2,,,,,,,,,,,,
1,806,18,475,2MWD,2.433611111,7/15/2020 20:36,GV0.0,1016,,,,,,,,,,,,,,,,,,,,,,,,,,,,,,,,,,,,,,,,,,
1,806,18,475,2MWD,2.433611111,7/15/2020 20:36,GV1.0,133,,,,,,,,,1,,,,,,,,,,,,,,,,,,,,,,,,,,,40,0.1333,,,,,
1,806,18,475,2MWD,2.433611111,7/15/2020 20:36,GV2.0,507,,,,,,,,,,,,,,,,,,,,,,,,,,,89.2,,,,,,,,,,,,,,,
1,837,18,475,2MWD,2.442222222,7/15/2020 20:37,GV0.2,2048,,,,,,,,,,,,,,,,,0,,0,,,,,,,,,,,,,,,,,,,,,,,
1,837,18,475,2MWD,2.442222222,7/15/2020 20:37,GV1.1,1264,,,,,,,,3464,,79,71.03,114.52,,,,,,,,,,,,,,,,,,,,,,,,,,,,,,
1,837,18,475,2MWD,2.442222222,7/15/2020 20:37,GV2.2,2174,,,,,,,,,,,,,,,,,,,,,,,,,,,,,,44.2,,,,,,,,,,,,
1,868,18,475,2MWD,2.450833333,7/15/2020 20:37,GV0.0,1016,,,,,,,,,,,,,,,,,,,,,,,,,,,,,,,,,,,,,,,,,,
1,868,18,475,2MWD,2.450833333,7/15/2020 20:37,GV1.0,133,,,,,,,,,1,,,,,,,,,,,,,,,,,,,,,,,,,,,40,0.1333,,,,,
1,868,18,475,2MWD,2.450833333,7/15/2020 20:37,GV2.0,507,,,,,,,,,,,,,,,,,,,,,,,,,,,89.2,,,,,,,,,,,,,,,
1,899,18,475,2MWD,2.459444444,7/15/2020 20:38,GV0.2,2048,,,,,,,,,,,,,,,,,0,,0,,,,,,,,,,,,,,,,,,,,,,,
1,899,18,475,2MWD,2.459444444,7/15/2020 20:38,GV1.1,1264,,,,,,,,3464,,79,71.03,114.52,,,,,,,,,,,,,,,,,,,,,,,,,,,,,,
1,899,18,475,2MWD,2.459444444,7/15/2020 20:38,GV2.2,2174,,,,,,,,,,,,,,,,,,,,,,,,,,,,,,44.2,,,,,,,,,,,,
1,930,18,475,2MWD,2.468055556,7/15/2020 20:38,GV0.0,1016,,,,,,,,,,,,,,,,,,,,,,,,,,,,,,,,,,,,,,,,,,
1,930,18,475,2MWD,2.468055556,7/15/2020 20:38,GV1.0,197,,,,,,,,,1,,,,,,,,,,,,,,,,,,,,,,,,,,,60,0.1333,,,,,
1,930,18,475,2MWD,2.468055556,7/15/2020 20:38,GV2.0,507,,,,,,,,,,,,,,,,,,,,,,,,,,,89.2,,,,,,,,,,,,,,,
1,961,18,475,2MWD,2.476666667,7/15/2020 20:39,GV0.2,2048,,,,,,,,,,,,,,,,,0,,0,,,,,,,,,,,,,,,,,,,,,,,
1,961,18,475,2MWD,2.476666667,7/15/2020 20:39,GV1.1,1264,,,,,,,,3464,,79,71.03,114.52,,,,,,,,,,,,,,,,,,,,,,,,,,,,,,
1,961,18,475,2MWD,2.476666667,7/15/2020 20:39,GV2.2,2175,,,,,,,,,,,,,,,,,,,,,,,,,,,,,,44.6,,,,,,,,,,,,
1,992,18,475,2MWD,2.485277778,7/15/2020 20:39,GV0.0,1016,,,,,,,,,,,,,,,,,,,,,,,,,,,,,,,,,,,,,,,,,,
1,992,18,475,2MWD,2.485277778,7/15/2020 20:39,GV1.0,133,,,,,,,,,1,,,,,,,,,,,,,,,,,,,,,,,,,,,40,0.1333,,,,,
1,992,18,475,2MWD,2.485277778,7/15/2020 20:39,GV2.0,507,,,,,,,,,,,,,,,,,,,,,,,,,,,89.2,,,,,,,,,,,,,,,
1,1024,18,475,2MWD,2.494166667,7/15/2020 20:40,GV0.2,2048,,,,,,,,,,,,,,,,,0,,0,,,,,,,,,,,,,,,,,,,,,,,
1,1024,18,475,2MWD,2.494166667,7/15/2020 20:40,GV1.1,1296,,,,,,,,3464,,91,61.67,91.99,,,,,,,,,,,,,,,,,,,,,,,,,,,,,,
1,1024,18,475,2MWD,2.494166667,7/15/2020 20:40,GV2.2,2175,,,,,,,,,,,,,,,,,,,,,,,,,,,,,,44.6,,,,,,,,,,,,
1,1055,18,475,2MWD,2.502777778,7/15/2020 20:40,GV0.0,1016,,,,,,,,,,,,,,,,,,,,,,,,,,,,,,,,,,,,,,,,,,
1,1055,18,475,2MWD,2.502777778,7/15/2020 20:40,GV1.0,197,,,,,,,,,1,,,,,,,,,,,,,,,,,,,,,,,,,,,60,0.1333,,,,,
1,1055,18,475,2MWD,2.502777778,7/15/2020 20:40,GV2.0,507,,,,,,,,,,,,,,,,,,,,,,,,,,,89.2,,,,,,,,,,,,,,,
1,1086,18,475,2MWD,2.511388889,7/15/2020 20:41,GV0.2,2048,,,,,,,,,,,,,,,,,0,,0,,,,,,,,,,,,,,,,,,,,,,,
1,1086,18,475,2MWD,2.511388889,7/15/2020 20:41,GV1.1,1265,,,,,,,,3596,,79,73.74,118.89,,,,,,,,,,,,,,,,,,,,,,,,,,,,,,
1,1086,18,475,2MWD,2.511388889,7/15/2020 20:41,GV2.2,2174,,,,,,,,,,,,,,,,,,,,,,,,,,,,,,44.2,,,,,,,,,,,,
1,1117,18,475,2MWD,2.52,7/15/2020 20:42,GV0.0,1016,,,,,,,,,,,,,,,,,,,,,,,,,,,,,,,,,,,,,,,,,,
1,1117,18,475,2MWD,2.52,7/15/2020 20:42,GV1.0,134,,,,,,,,,2,,,,,,,,,,,,,,,,,,,,,,,,,,,40,0.1333,,,,,
1,1117,18,475,2MWD,2.52,7/15/2020 20:42,GV2.0,507,,,,,,,,,,,,,,,,,,,,,,,,,,,89.2,,,,,,,,,,,,,,,
1,1148,18,475,2MWD,2.528611111,7/15/2020 20:42,GV0.2,2048,,,,,,,,,,,,,,,,,0,,0,,,,,,,,,,,,,,,,,,,,,,,
1,1148,18,475,2MWD,2.528611111,7/15/2020 20:42,GV1.1,1265,,,,,,,,3596,,79,73.74,118.89,,,,,,,,,,,,,,,,,,,,,,,,,,,,,,
1,1148,18,475,2MWD,2.528611111,7/15/2020 20:42,GV2.2,2174,,,,,,,,,,,,,,,,,,,,,,,,,,,,,,44.2,,,,,,,,,,,,
1,1179,18,475,2MWD,2.537222222,7/15/2020 20:43,GV0.0,1016,,,,,,,,,,,,,,,,,,,,,,,,,,,,,,,,,,,,,,,,,,
1,1179,18,475,2MWD,2.537222222,7/15/2020 20:43,GV1.0,198,,,,,,,,,2,,,,,,,,,,,,,,,,,,,,,,,,,,,60,0.1333,,,,,
1,1179,18,475,2MWD,2.537222222,7/15/2020 20:43,GV2.0,508,,,,,,,,,,,,,,,,,,,,,,,,,,,89.4,,,,,,,,,,,,,,,
1,1210,18,475,2MWD,2.545833333,7/15/2020 20:43,GV0.2,2048,,,,,,,,,,,,,,,,,0,,0,,,,,,,,,,,,,,,,,,,,,,,
1,1210,18,475,2MWD,2.545833333,7/15/2020 20:43,GV1.1,1265,,,,,,,,3596,,79,73.74,118.89,,,,,,,,,,,,,,,,,,,,,,,,,,,,,,
1,1210,18,475,2MWD,2.545833333,7/15/2020 20:43,GV2.2,2174,,,,,,,,,,,,,,,,,,,,,,,,,,,,,,44.2,,,,,,,,,,,,
1,1241,18,475,2MWD,2.554444444,7/15/2020 20:44,GV0.0,1016,,,,,,,,,,,,,,,,,,,,,,,,,,,,,,,,,,,,,,,,,,
1,1241,18,475,2MWD,2.554444444,7/15/2020 20:44,GV1.0,198,,,,,,,,,2,,,,,,,,,,,,,,,,,,,,,,,,,,,60,0.1333,,,,,
1,1241,18,475,2MWD,2.554444444,7/15/2020 20:44,GV2.0,508,,,,,,,,,,,,,,,,,,,,,,,,,,,89.4,,,,,,,,,,,,,,,
1,1272,18,475,2MWD,2.563055556,7/15/2020 20:44,GV0.2,2048,,,,,,,,,,,,,,,,,0,,0,,,,,,,,,,,,,,,,,,,,,,,
1,1272,18,475,2MWD,2.563055556,7/15/2020 20:44,GV1.1,1265,,,,,,,,3596,,79,73.74,118.89,,,,,,,,,,,,,,,,,,,,,,,,,,,,,,
1,1272,18,475,2MWD,2.563055556,7/15/2020 20:44,GV2.2,2174,,,,,,,,,,,,,,,,,,,,,,,,,,,,,,44.2,,,,,,,,,,,,
1,1304,18,475,2MWD,2.571944444,7/15/2020 20:45,GV0.0,1016,,,,,,,,,,,,,,,,,,,,,,,,,,,,,,,,,,,,,,,,,,
1,1304,18,475,2MWD,2.571944444,7/15/2020 20:45,GV1.0,197,,,,,,,,,1,,,,,,,,,,,,,,,,,,,,,,,,,,,60,0.1333,,,,,
1,1304,18,475,2MWD,2.571944444,7/15/2020 20:45,GV2.0,507,,,,,,,,,,,,,,,,,,,,,,,,,,,89.2,,,,,,,,,,,,,,,
1,1335,18,475,2MWD,2.580555556,7/15/2020 20:45,GV0.2,2048,,,,,,,,,,,,,,,,,0,,0,,,,,,,,,,,,,,,,,,,,,,,
1,1335,18,475,2MWD,2.580555556,7/15/2020 20:45,GV1.1,1265,,,,,,,,3596,,79,73.74,118.89,,,,,,,,,,,,,,,,,,,,,,,,,,,,,,
1,1335,18,475,2MWD,2.580555556,7/15/2020 20:45,GV2.2,2175,,,,,,,,,,,,,,,,,,,,,,,,,,,,,,44.6,,,,,,,,,,,,
1,1364,18,475,2MWD,2.588611111,7/15/2020 20:46,GV0.0,1016,,,,,,,,,,,,,,,,,,,,,,,,,,,,,,,,,,,,,,,,,,
1,1364,18,475,2MWD,2.588611111,7/15/2020 20:46,GV1.0,197,,,,,,,,,1,,,,,,,,,,,,,,,,,,,,,,,,,,,60,0.1333,,,,,
1,1364,18,475,2MWD,2.588611111,7/15/2020 20:46,GV2.0,507,,,,,,,,,,,,,,,,,,,,,,,,,,,89.2,,,,,,,,,,,,,,,
1,1395,18,475,2MWD,2.597222222,7/15/2020 20:46,GV0.2,2048,,,,,,,,,,,,,,,,,0,,0,,,,,,,,,,,,,,,,,,,,,,,
1,1395,18,475,2MWD,2.597222222,7/15/2020 20:46,GV1.1,1297,,,,,,,,3596,,91,64.02,95.5,,,,,,,,,,,,,,,,,,,,,,,,,,,,,,
1,1395,18,475,2MWD,2.597222222,7/15/2020 20:46,GV2.2,2175,,,,,,,,,,,,,,,,,,,,,,,,,,,,,,44.6,,,,,,,,,,,,
1,1426,18,475,2MWD,2.605833333,7/15/2020 20:47,GV0.0,1016,,,,,,,,,,,,,,,,,,,,,,,,,,,,,,,,,,,,,,,,,,
1,1426,18,475,2MWD,2.605833333,7/15/2020 20:47,GV1.0,198,,,,,,,,,2,,,,,,,,,,,,,,,,,,,,,,,,,,,60,0.1333,,,,,
1,1426,18,475,2MWD,2.605833333,7/15/2020 20:47,GV2.0,507,,,,,,,,,,,,,,,,,,,,,,,,,,,89.2,,,,,,,,,,,,,,,
1,1457,18,475,2MWD,2.614444444,7/15/2020 20:47,GV0.2,2048,,,,,,,,,,,,,,,,,0,,0,,,,,,,,,,,,,,,,,,,,,,,
1,1457,18,475,2MWD,2.614444444,7/15/2020 20:47,GV1.1,1297,,,,,,,,3596,,91,64.02,95.5,,,,,,,,,,,,,,,,,,,,,,,,,,,,,,
1,1457,18,475,2MWD,2.614444444,7/15/2020 20:47,GV2.2,2175,,,,,,,,,,,,,,,,,,,,,,,,,,,,,,44.6,,,,,,,,,,,,
1,1488,18,475,2MWD,2.623055556,7/15/2020 20:48,GV0.0,1016,,,,,,,,,,,,,,,,,,,,,,,,,,,,,,,,,,,,,,,,,,
1,1488,18,475,2MWD,2.623055556,7/15/2020 20:48,GV1.0,198,,,,,,,,,2,,,,,,,,,,,,,,,,,,,,,,,,,,,60,0.1333,,,,,
1,1488,18,475,2MWD,2.623055556,7/15/2020 20:48,GV2.0,507,,,,,,,,,,,,,,,,,,,,,,,,,,,89.2,,,,,,,,,,,,,,,
1,1519,18,475,2MWD,2.631666667,7/15/2020 20:48,GV0.2,2048,,,,,,,,,,,,,,,,,0,,0,,,,,,,,,,,,,,,,,,,,,,,
1,1519,18,475,2MWD,2.631666667,7/15/2020 20:48,GV1.1,1297,,,,,,,,3596,,91,64.02,95.5,,,,,,,,,,,,,,,,,,,,,,,,,,,,,,
1,1519,18,475,2MWD,2.631666667,7/15/2020 20:48,GV2.2,2175,,,,,,,,,,,,,,,,,,,,,,,,,,,,,,44.6,,,,,,,,,,,,
1,1550,18,475,2MWD,2.640277778,7/15/2020 20:49,GV0.0,1016,,,,,,,,,,,,,,,,,,,,,,,,,,,,,,,,,,,,,,,,,,
1,1550,18,475,2MWD,2.640277778,7/15/2020 20:49,GV1.0,197,,,,,,,,,1,,,,,,,,,,,,,,,,,,,,,,,,,,,60,0.1333,,,,,
1,1550,18,475,2MWD,2.640277778,7/15/2020 20:49,GV2.0,507,,,,,,,,,,,,,,,,,,,,,,,,,,,89.2,,,,,,,,,,,,,,,
1,1581,18,475,2MWD,2.648888889,7/15/2020 20:49,GV0.2,2048,,,,,,,,,,,,,,,,,0,,0,,,,,,,,,,,,,,,,,,,,,,,
1,1581,18,475,2MWD,2.648888889,7/15/2020 20:49,GV1.1,1265,,,,,,,,3596,,79,73.74,118.89,,,,,,,,,,,,,,,,,,,,,,,,,,,,,,
1,1581,18,475,2MWD,2.648888889,7/15/2020 20:49,GV2.2,2175,,,,,,,,,,,,,,,,,,,,,,,,,,,,,,44.6,,,,,,,,,,,,
1,1612,18,475,2MWD,2.6575,7/15/2020 20:50,GV0.0,1016,,,,,,,,,,,,,,,,,,,,,,,,,,,,,,,,,,,,,,,,,,
1,1612,18,475,2MWD,2.6575,7/15/2020 20:50,GV1.0,133,,,,,,,,,1,,,,,,,,,,,,,,,,,,,,,,,,,,,40,0.1333,,,,,
1,1612,18,475,2MWD,2.6575,7/15/2020 20:50,GV2.0,507,,,,,,,,,,,,,,,,,,,,,,,,,,,89.2,,,,,,,,,,,,,,,
1,1644,18,475,2MWD,2.666388889,7/15/2020 20:50,GV0.2,2048,,,,,,,,,,,,,,,,,0,,0,,,,,,,,,,,,,,,,,,,,,,,
1,1644,18,475,2MWD,2.666388889,7/15/2020 20:50,GV1.1,1297,,,,,,,,3596,,91,64.02,95.5,,,,,,,,,,,,,,,,,,,,,,,,,,,,,,
1,1644,18,475,2MWD,2.666388889,7/15/2020 20:50,GV2.2,2175,,,,,,,,,,,,,,,,,,,,,,,,,,,,,,44.6,,,,,,,,,,,,
1,1675,18,475,2MWD,2.675,7/15/2020 20:51,GV0.0,1016,,,,,,,,,,,,,,,,,,,,,,,,,,,,,,,,,,,,,,,,,,
1,1675,18,475,2MWD,2.675,7/15/2020 20:51,GV1.0,133,,,,,,,,,1,,,,,,,,,,,,,,,,,,,,,,,,,,,40,0.1333,,,,,
1,1675,18,475,2MWD,2.675,7/15/2020 20:51,GV2.0,507,,,,,,,,,,,,,,,,,,,,,,,,,,,89.2,,,,,,,,,,,,,,,
